,,,,Premature Death,,,,,,,,,,,,,,,,,,,,,,,,,,,,,,,,,,Poor or Fair Health,,,,Poor Physical Health Days,,,,Poor Mental Health Days,,,,Low Birthweight,,,,,,,,,,,,,,,,,,,,,,,,,,Adult Smoking,,,,Adult Obesity,,,,Food Environment Index,,Physical Inactivity,,,,Access to Exercise Opportunities,,Excessive Drinking,,,,Alcohol-Impaired Driving Deaths,,,,,,Sexually Transmitted Infections,,,Teen Births,,,,,,,,,,,,,,,,,,,,,,,,,Uninsured,,,,,Primary Care Physicians,,,,Dentists,,,,Mental Health Providers,,,,Preventable Hospital Stays,,,,,,,Mammography Screening,,,,,,,Flu Vaccinations,,,,,,,High School Completion,,,,,,Some College,,,,,,Unemployment,,,,Children in Poverty,,,,,,,,,Income Inequality,,,,Children in Single-Parent Households,,,,,,Social Associations,,,Injury Deaths,,,,,,,,,,,,,,,,,,,,,,,,,,Air Pollution - Particulate Matter,,Drinking Water Violations,,Severe Housing Problems,,,,,,,,,,,,,Driving Alone to Work,,,,,,,,,,,,,,,,,,,Long Commute - Driving Alone,,,,
FIPS,State,Year,County,Unreliable,Deaths,Years of Potential Life Lost Rate,95% CI - Low,95% CI - High,National Z-Score,YPLL Rate (Hispanic (all races)),YPLL Rate (Hispanic (all races)) 95% CI - Low,YPLL Rate (Hispanic (all races)) 95% CI - High,YPLL Rate (Hispanic (all races)) Unreliable,YPLL Rate (Non-Hispanic AIAN),YPLL Rate (Non-Hispanic AIAN) 95% CI - Low,YPLL Rate (Non-Hispanic AIAN) 95% CI - High,YPLL Rate (Non-Hispanic AIAN) Unreliable,YPLL Rate (Non-Hispanic Asian),YPLL Rate (Non-Hispanic Asian) 95% CI - Low,YPLL Rate (Non-Hispanic Asian) 95% CI - High,YPLL Rate (Non-Hispanic Asian) Unreliable,YPLL Rate (Non-Hispanic Black),YPLL Rate (Non-Hispanic Black) 95% CI - Low,YPLL Rate (Non-Hispanic Black) 95% CI - High,YPLL Rate (Non-Hispanic Black) Unreliable,YPLL Rate (Non-Hispanic Native Hawaiian and Other Pacific Islander),YPLL Rate (Non-Hispanic Native Hawaiian and Other Pacific Islander) 95% CI - Low,YPLL Rate (Non-Hispanic Native Hawaiian and Other Pacific Islander) 95% CI - High,YPLL Rate (Non-Hispanic Native Hawaiian and Other Pacific Islander) Unreliable,YPLL Rate (Non-Hispanic 2+ races),YPLL Rate (Non-Hispanic 2+ races) 95% CI - Low,YPLL Rate (Non-Hispanic 2+ races) 95% CI - High,YPLL Rate (Non-Hispanic 2+ races) Unreliable,YPLL Rate (Non-Hispanic White),YPLL Rate (Non-Hispanic White) 95% CI - Low,YPLL Rate (Non-Hispanic White) 95% CI - High,YPLL Rate (Non-Hispanic White) Unreliable,% Fair or Poor Health,95% CI - Low,95% CI - High,National Z-Score,Average Number of Physically Unhealthy Days,95% CI - Low,95% CI - High,National Z-Score,Average Number of Mentally Unhealthy Days,95% CI - Low,95% CI - High,National Z-Score,Unreliable,% Low Birthweight,95% CI - Low,95% CI - High,National Z-Score,% LBW (Hispanic (all races)),% LBW (Hispanic (all races)) 95% CI - Low,% LBW (Hispanic (all races)) 95% CI - High,% LBW (Non-Hispanic AIAN),% LBW (Non-Hispanic AIAN) 95% CI - Low,% LBW (Non-Hispanic AIAN) 95% CI - High,% LBW (Non-Hispanic Asian),% LBW (Non-Hispanic Asian) 95% CI - Low,% LBW (Non-Hispanic Asian) 95% CI - High,% LBW (Non-Hispanic Black),% LBW (Non-Hispanic Black) 95% CI - Low,% LBW (Non-Hispanic Black) 95% CI - High,% LBW (Non-Hispanic Native Hawaiian and Other Pacific Islander),% LBW (Non-Hispanic Native Hawaiian and Other Pacific Islander) 95% CI - Low,% LBW (Non-Hispanic Native Hawaiian and Other Pacific Islander) 95% CI - High,% LBW (Non-Hispanic 2+ races),% LBW (Non-Hispanic 2+ races) 95% CI - Low,% LBW (Non-Hispanic 2+ races) 95% CI - High,% LBW (Non-Hispanic White),% LBW (Non-Hispanic White) 95% CI - Low,% LBW (Non-Hispanic White) 95% CI - High,% Adults Reporting Currently Smoking,95% CI - Low,95% CI - High,National Z-Score,% Adults with Obesity,95% CI - Low,95% CI - High,National Z-Score,Food Environment Index,National Z-Score,% Physically Inactive,95% CI - Low,95% CI - High,National Z-Score,% With Access to Exercise Opportunities,National Z-Score,% Excessive Drinking,95% CI - Low,95% CI - High,National Z-Score,# Alcohol-Impaired Driving Deaths,# Driving Deaths,% Driving Deaths with Alcohol Involvement,95% CI - Low,95% CI - High,National Z-Score,# Chlamydia Cases,Chlamydia Rate,National Z-Score,Teen Birth Rate,95% CI - Low,95% CI - High,National Z-Score,Teen Birth Rate (Hispanic (all races)),Teen Birth Rate (Hispanic (all races)) 95% CI - Low,Teen Birth Rate (Hispanic (all races)) 95% CI - High,Teen Birth Rate (Non-Hispanic AIAN),Teen Birth Rate (Non-Hispanic AIAN) 95% CI - Low,Teen Birth Rate (Non-Hispanic AIAN) 95% CI - High,Teen Birth Rate (Non-Hispanic Asian),Teen Birth Rate (Non-Hispanic Asian) 95% CI - Low,Teen Birth Rate (Non-Hispanic Asian) 95% CI - High,Teen Birth Rate (Non-Hispanic Black),Teen Birth Rate (Non-Hispanic Black) 95% CI - Low,Teen Birth Rate (Non-Hispanic Black) 95% CI - High,Teen Birth Rate (Non-Hispanic Native Hawaiian and Other Pacific Islander),Teen Birth Rate (Non-Hispanic Native Hawaiian and Other Pacific Islander) 95% CI - Low,Teen Birth Rate (Non-Hispanic Native Hawaiian and Other Pacific Islander) 95% CI - High,Teen Birth Rate (Non-Hispanic 2+ races),Teen Birth Rate (Non-Hispanic 2+ races) 95% CI - Low,Teen Birth Rate (Non-Hispanic 2+ races) 95% CI - High,Teen Birth Rate (Non-Hispanic White),Teen Birth Rate (Non-Hispanic White) 95% CI - Low,Teen Birth Rate (Non-Hispanic White) 95% CI - High,# Uninsured,% Uninsured,95% CI - Low,95% CI - High,National Z-Score,# Primary Care Physicians,Primary Care Physicians Rate,Primary Care Physicians Ratio,National Z-Score,# Dentists,Dentist Rate,Dentist Ratio,National Z-Score,# Mental Health Providers,Mental Health Provider Rate,Mental Health Provider Ratio,National Z-Score,Preventable Hospitalization Rate,National Z-Score,Preventable Hosp. Rate (AIAN),Preventable Hosp. Rate (Asian),Preventable Hosp. Rate (Black),Preventable Hosp. Rate (Hispanic),Preventable Hosp. Rate (White),% with Annual Mammogram,National Z-Score,% Screened (AIAN),% Screened (Asian),% Screened (Black),% Screened (Hispanic),% Screened (White),% Vaccinated,National Z-Score,% Vaccinated (AIAN),% Vaccinated (Asian),% Vaccinated (Black),% Vaccinated (Hispanic),% Vaccinated (White),# Completed High School,Population,% Completed High School,95% CI - Low,95% CI - High,National Z-Score,# Some College,Population,% Some College,95% CI - Low,95% CI - High,National Z-Score,# Unemployed,Labor Force,% Unemployed,National Z-Score,% Children in Poverty,95% CI - Low,95% CI - High,National Z-Score,% Children in Poverty (AIAN),% Children in Poverty (Asian),% Children in Poverty (Black),% Children in Poverty (Hispanic),% Children in Poverty (White),80th Percentile Income,20th Percentile Income,Income Ratio,National Z-Score,# Children in Single-Parent Households,# Children in Households,% Children in Single-Parent Households,95% CI - Low,95% CI - High,National Z-Score,# Associations,Social Association Rate,National Z-Score,# Injury Deaths,Injury Death Rate,95% CI - Low,95% CI - High,National Z-Score,Injury Death Rate (Hispanic (all races)),Injury Death Rate (Hispanic (all races)) 95% CI - Low,Injury Death Rate (Hispanic (all races)) 95% CI - High,Injury Death Rate (Non-Hispanic AIAN),Injury Death Rate (Non-Hispanic AIAN) 95% CI - Low,Injury Death Rate (Non-Hispanic AIAN) 95% CI - High,Injury Death Rate (Non-Hispanic Asian),Injury Death Rate (Non-Hispanic Asian) 95% CI - Low,Injury Death Rate (Non-Hispanic Asian) 95% CI - High,Injury Death Rate (Non-Hispanic Black),Injury Death Rate (Non-Hispanic Black) 95% CI - Low,Injury Death Rate (Non-Hispanic Black) 95% CI - High,Injury Death Rate (Non-Hispanic Native Hawaiian and Other Pacific Islander),Injury Death Rate (Non-Hispanic Native Hawaiian and Other Pacific Islander) 95% CI - Low,Injury Death Rate (Non-Hispanic Native Hawaiian and Other Pacific Islander) 95% CI - High,Injury Death Rate (Non-Hispanic 2+ races),Injury Death Rate (Non-Hispanic 2+ races) 95% CI - Low,Injury Death Rate (Non-Hispanic 2+ races) 95% CI - High,Injury Death Rate (Non-Hispanic White),Injury Death Rate (Non-Hispanic White) 95% CI - Low,Injury Death Rate (Non-Hispanic White) 95% CI - High,Average Daily PM2.5,National Z-Score,Presence of Water Violation,National Z-Score,% Severe Housing Problems,95% CI - Low,95% CI - High,Severe Housing Cost Burden,Severe Housing Cost Burden 95% CI - Low,Severe Housing Cost Burden 95% CI - High,Overcrowding,Overcrowding 95% CI - Low,Overcrowding 95% CI - High,Inadequate Facilities,Inadequate Facilities 95% CI - Low,Inadequate Facilities 95% CI - High,National Z-Score,% Drive Alone to Work,95% CI - Low,95% CI - High,National Z-Score,% Drive Alone (AIAN),% Drive Alone (AIAN) 95% CI - Low,% Drive Alone (AIAN) 95% CI - High,% Drive Alone (Asian),% Drive Alone (Asian) 95% CI - Low,% Drive Alone (Asian) 95% CI - High,% Drive Alone (Black),% Drive Alone (Black) 95% CI - Low,% Drive Alone (Black) 95% CI - High,% Drive Alone (Hispanic),% Drive Alone (Hispanic) 95% CI - Low,% Drive Alone (Hispanic) 95% CI - High,% Drive Alone (White),% Drive Alone (White) 95% CI - Low,% Drive Alone (White) 95% CI - High,# Workers who Drive Alone,% Long Commute - Drives Alone,95% CI - Low,95% CI - High,National Z-Score
01000,Alabama,2024,State Total,,98140,11416,11308,11524,,,,,,,,,,,,,,,,,,,,,,,,,,,,,,18,16,19,,3.9,3.6,4.3,,5.9,5.5,6.3,,,10,10,11,,,,,,,,,,,,,,,,,,,,,,,18,16,20,,41,39,43,,5.4,,30,28,32,,61,,14,13,16,,1193,4748,25,24,26,,31507,625.2,,25,25,25,,,,,,,,,,,,,,,,,,,,,,,469887,12,11,12,,3208,64,1571:1,,2517,50,2016:1,,6855,135,740:1,,3280,,,,,,,41,,,,,,,39,,,,,,,3007340,3428520,88,87,88,,779337,1265072,62,61,62,,59363,2286036,2.6,,22,21,23,,,,,,,122347,23471,5.2,,338752,1107484,31,30,31,,5894,11.7,,22258,90,89,92,,,,,,,,,,,,,,,,,,,,,,,9.3,,,,13,13,13,11,11,11,2,2,2,1,1,1,,83,83,83,,,,,,,,,,,,,,,,,2183677,35,35,36,
01001,Alabama,2024,Autauga,,942,9408,8509,10307,-0.16,,,,,,,,,,,,,13653,11256,16050,,,,,,,,,,8697,7685,9709,,17,15,20,-0.10,3.9,3.1,4.8,0.01,5.7,4.7,6.9,0.78,,10,9,11,0.72,6,3,10,,,,,,,16,14,18,,,,,,,8,7,9,17,14,21,-0.53,39,32,46,0.33,6.7,0.73,29,24,35,0.46,54,0.33,15,12,19,-0.61,16,55,29,22,36,0.12,341,577.0,0.70,21,18,23,-0.19,,,,,,,,,,25,20,32,,,,,,,21,18,24,4912,10,9,11,-0.28,26,44,2273:1,0.28,18,30,3320:1,0.55,22,37,2716:1,0.74,3915,0.96,,,6203,,3633,40,0.21,,52,35,27,41,37,0.31,,38,29,18,38,36331,40188,90,89,92,-0.37,9846,15349,64,58,71,-0.47,608,26789,2.3,-1.10,16,10,21,-0.45,,,26,17,9,128241,27652,4.6,0.10,3125,13765,23,18,28,-0.14,75,12.7,-0.22,192,68,58,78,-0.98,,,,,,,,,,84,61,111,,,,,,,68,57,79,10.0,1.44,No,-0.77,15,13,18,13,11,16,2,1,2,2,1,2,0.58,85,83,88,1.01,,,,,,,81,72,89,,,,81,76,86,27031,43,38,48,0.77
01003,Alabama,2024,Baldwin,,3789,8982,8515,9448,-0.28,4785,3448,6468,,,,,,,,,,14710,12789,16630,,,,,,,,,,8796,8282,9310,,15,13,18,-0.57,3.7,3.0,4.5,-0.27,5.4,4.4,6.3,0.24,,8,8,9,-0.11,8,6,9,,,,12,7,17,14,12,15,,,,8,5,11,7,7,8,15,12,19,-1.00,37,32,43,-0.04,7.5,0.06,28,23,32,0.17,63,-0.05,16,13,20,-0.16,60,166,36,32,40,0.59,760,317.6,-0.27,20,19,21,-0.25,48,40,56,,,,,,,28,24,33,,,,31,23,42,17,16,18,20432,11,10,12,-0.09,150,63,1595:1,-0.24,116,47,2124:1,0.05,272,110,906:1,0.41,2799,-0.04,,,5376,,2680,44,-0.29,42,47,38,24,44,42,-0.18,30,41,31,26,43,152991,167022,92,91,92,-0.59,35407,53908,66,62,70,-0.60,2417,102849,2.4,-1.03,16,13,19,-0.40,,8,33,38,7,136894,30540,4.5,-0.09,9398,49330,19,16,22,-0.50,231,9.7,0.32,870,78,72,83,-0.65,36,22,56,,,,,,,74,58,94,,,,,,,83,77,89,7.6,0.01,Yes,1.30,12,11,14,11,9,12,2,1,2,1,0,1,-0.10,81,80,83,0.46,,,,,,,84,79,90,62,52,72,80,78,82,105865,38,35,40,0.38
01005,Alabama,2024,Barbour,,579,13139,11475,14803,0.92,,,,,,,,,,,,,16276,13700,18852,,,,,,,,,,10225,7941,12509,,27,24,31,2.10,5.0,4.1,6.1,1.73,6.0,4.9,7.3,1.29,,12,11,14,1.87,8,4,11,,,,,,,17,15,19,,,,,,,6,4,8,25,21,30,1.44,43,35,52,1.32,6.0,1.33,40,34,47,2.58,55,0.31,12,10,15,-1.74,11,35,31,23,40,0.27,182,729.0,1.26,37,31,42,1.17,101,68,145,,,,,,,36,29,45,,,,,,,28,21,36,2150,13,11,15,0.23,10,40,2496:1,0.39,8,32,3088:1,0.48,7,28,3529:1,0.78,3040,0.18,,,4814,,2448,42,-0.04,,,39,,44,35,0.50,,,25,,38,13520,17675,76,74,79,2.11,2617,6469,40,34,47,1.56,335,8241,4.1,0.37,38,26,49,2.17,,,50,69,4,91716,16446,5.6,1.29,2608,5148,51,44,57,2.62,21,8.4,0.54,106,85,69,101,-0.38,,,,,,,,,,86,64,113,,,,,,,90,67,118,9.4,1.08,No,-0.77,15,12,19,12,9,14,4,1,6,1,0,1,0.51,82,80,85,0.56,,,,,,,76,68,84,,,,84,81,88,8341,37,30,43,0.28
01007,Alabama,2024,Bibb,,501,12675,10964,14387,0.79,,,,,,,,,,,,,14290,10293,18287,,,,,,,,,,12356,10434,14279,,22,19,25,0.93,4.6,3.7,5.6,1.00,5.8,4.7,7.0,0.98,,10,8,11,0.70,,,,,,,,,,17,13,20,,,,,,,8,7,10,22,18,26,0.71,40,32,47,0.48,7.6,-0.03,36,30,42,1.77,43,0.82,15,12,18,-0.79,4,26,15,6,27,-0.80,149,662.9,1.01,32,26,37,0.76,,,,,,,,,,29,17,44,,,,,,,32,26,39,1905,11,10,13,-0.02,15,67,1498:1,-0.35,5,23,4401:1,0.76,11,50,2000:1,0.68,4651,1.62,,,8207,,4150,36,0.71,,,31,,37,28,1.18,,,18,,29,12559,15925,79,76,82,1.69,2464,6319,39,31,47,1.69,219,8726,2.5,-0.90,26,18,33,0.72,,,66,35,27,97063,17121,5.7,1.41,1438,4682,31,21,40,0.65,20,8.9,0.45,112,100,81,118,0.13,,,,,,,,,,88,55,135,,,,,,,107,86,132,9.8,1.32,No,-0.77,12,7,17,9,5,14,1,0,2,2,1,3,-0.14,88,84,92,1.36,,,,,,,,,,,,,,,,8064,54,45,62,1.63
01009,Alabama,2024,Blount,,1239,11541,10559,12524,0.46,,,,,,,,,,,,,,,,,,,,,,,,,,,,,19,16,22,0.18,4.2,3.4,5.2,0.53,5.7,4.6,6.8,0.72,,8,7,8,-0.36,7,5,9,,,,,,,,,,,,,,,,8,7,8,20,16,24,0.12,38,31,46,0.07,7.7,-0.11,30,25,36,0.70,41,0.90,15,12,18,-0.73,11,84,13,8,19,-0.95,188,318.4,-0.26,25,22,28,0.17,26,20,35,,,,,,,,,,,,,,,,25,22,28,6145,13,11,14,0.26,12,20,4920:1,0.93,10,17,5951:1,0.94,16,27,3720:1,0.78,2499,-0.31,,,,,,35,0.83,,,43,26,35,36,0.40,,,28,17,36,33370,40817,82,80,84,1.17,7352,14145,52,46,57,0.58,574,25796,2.2,-1.13,16,10,22,-0.43,25,,17,46,12,113500,24610,4.6,0.07,3108,13531,23,18,28,-0.11,45,7.6,0.68,284,98,86,109,0.05,39,20,70,,,,,,,,,,,,,,,,105,92,118,9.6,1.20,No,-0.77,11,8,13,8,6,10,2,1,3,1,1,2,-0.50,85,83,87,0.94,,,,,,,,,,74,26,100,78,74,82,24402,61,56,65,2.17
01011,Alabama,2024,Bullock,,229,13838,11157,16518,1.13,,,,,,,,,,,,,,,,,,,,,,,,,,,,,31,27,35,2.84,5.2,4.2,6.2,1.93,6.0,4.8,7.3,1.22,,15,13,18,3.00,7,3,12,,,,,,,19,16,22,,,,,,,,,,26,21,30,1.61,49,40,58,2.53,4.2,2.86,44,37,50,3.00,42,0.86,12,9,14,-2.03,7,26,27,17,38,-0.03,85,823.6,1.61,37,29,48,1.24,61,33,103,,,,,,,39,29,51,,,,,,,,,,824,12,10,14,0.14,2,19,5160:1,0.96,2,20,5101:1,0.85,2,20,5101:1,0.82,2268,-0.52,,,2091,,2343,51,-1.16,,,47,,55,28,1.18,,,23,,34,5251,7156,73,68,79,2.67,866,2646,33,25,41,2.22,128,4554,2.8,-0.65,39,24,54,2.32,,,50,60,6,87865,12296,7.1,3.00,1370,2173,63,51,75,3.00,6,5.8,1.00,55,108,81,141,0.42,,,,,,,,,,117,84,159,,,,,,,121,64,206,9.3,1.02,No,-0.77,10,6,13,10,5,14,1,0,3,0,0,1,-0.74,89,82,96,1.45,,,,,,,86,75,97,,,,88,85,91,3679,45,32,59,0.97
01013,Alabama,2024,Butler,,449,12719,10884,14554,0.80,,,,,,,,,,,,,14501,11734,17268,,,,,,,,,,11992,9334,14650,,23,20,27,1.24,4.6,3.7,5.6,1.12,6.1,4.9,7.3,1.40,,13,11,15,2.31,,,,,,,,,,17,14,19,,,,,,,9,6,11,21,18,25,0.49,42,34,50,1.01,7.2,0.31,37,31,42,1.87,43,0.84,13,10,16,-1.54,17,60,28,22,35,0.07,206,1090.9,2.60,35,29,41,1.01,,,,,,,,,,36,29,46,,,,,,,33,25,44,1731,12,10,14,0.08,5,26,3777:1,0.76,7,38,2664:1,0.33,16,86,1166:1,0.52,3396,0.49,,,3058,,3596,39,0.33,,,44,,38,29,1.08,,,23,,31,11620,13266,88,85,90,0.13,1769,4516,39,33,46,1.67,301,8804,3.4,-0.15,33,22,44,1.61,,,48,28,14,95067,19486,4.9,0.41,1663,4234,39,32,46,1.50,17,9.0,0.43,107,110,89,131,0.48,,,,,,,,,,117,87,154,,,,,,,109,82,142,9.1,0.90,Yes,1.30,12,8,15,10,7,13,1,0,2,1,0,2,-0.31,86,83,90,1.10,,,,,,,86,80,92,,,,88,85,92,7394,35,29,41,0.16
01015,Alabama,2024,Calhoun,,2735,13197,12445,13949,0.94,,,,,,,,,,,,,14645,12952,16337,,,,,,,,,,13281,12387,14176,,21,18,24,0.67,4.5,3.6,5.5,0.92,5.7,4.7,6.9,0.77,,10,9,10,0.55,6,4,8,,,,,,,15,13,16,,,,9,5,13,8,7,8,21,17,25,0.42,39,32,46,0.33,5.9,1.41,34,28,40,1.41,67,-0.21,14,11,17,-1.26,11,105,10,6,15,-1.13,632,545.0,0.58,26,24,28,0.25,39,30,51,,,,,,,22,18,25,,,,45,32,63,26,24,29,12105,13,12,15,0.33,68,59,1705:1,-0.12,75,65,1544:1,-0.46,183,158,633:1,0.19,3491,0.58,,,3836,,3474,33,1.08,,35,38,37,32,34,0.60,,43,29,18,35,67148,78931,85,84,86,0.58,15618,28632,55,50,59,0.36,1399,46140,3.0,-0.47,26,20,33,0.80,,,36,48,15,103590,21245,4.9,0.40,7991,24423,33,28,37,0.85,158,13.6,-0.39,555,97,89,105,0.03,52,27,91,,,,,,,81,65,98,,,,,,,107,97,117,9.7,1.26,No,-0.77,11,9,12,9,8,11,1,1,2,1,0,1,-0.52,85,84,87,0.99,,,,,,,87,84,90,92,83,100,87,85,89,48898,31,28,34,-0.16
01017,Alabama,2024,Chambers,,767,12135,10734,13537,0.63,,,,,,,,,,,,,12313,10266,14361,,,,,,,,,,11998,10055,13942,,22,19,25,0.93,4.5,3.6,5.5,0.93,5.8,4.7,7.0,0.96,,13,12,15,2.43,10,6,14,,,,,,,18,15,20,,,,,,,11,9,12,20,17,24,0.30,44,36,52,1.43,7.2,0.31,35,30,41,1.58,64,-0.08,13,10,16,-1.54,9,36,25,16,34,-0.16,223,645.6,0.95,30,26,35,0.64,99,62,150,,,,,,,27,21,34,,,,,,,29,23,35,3396,13,11,15,0.22,14,41,2467:1,0.38,7,21,4870:1,0.83,4,12,8522:1,0.85,3163,0.29,,,3615,,3123,30,1.45,,,28,,31,41,-0.08,,,30,,44,20619,24706,83,81,86,0.87,4282,8261,52,45,59,0.59,410,15933,2.6,-0.85,31,21,40,1.32,,,38,72,17,97123,20500,4.7,0.23,1819,7182,25,18,33,0.12,61,17.7,-1.11,159,95,80,109,-0.05,,,,,,,,,,64,47,87,,,,,,,122,100,145,9.8,1.32,No,-0.77,16,13,19,9,7,11,7,4,10,1,0,2,0.75,86,82,89,1.03,,,,,,,81,78,85,,,,85,78,92,14660,31,26,36,-0.16
01019,Alabama,2024,Cherokee,,702,12413,10839,13986,0.71,,,,,,,,,,,,,,,,,,,,,,,,,,,,,21,17,24,0.62,4.5,3.6,5.4,0.86,6.2,5.1,7.5,1.64,,7,6,8,-0.69,,,,,,,,,,,,,,,,,,,,,,22,18,27,0.76,38,30,46,0.09,7.2,0.31,33,27,39,1.16,38,1.04,14,11,18,-0.95,4,36,11,4,21,-1.09,69,276.0,-0.42,30,25,34,0.56,,,,,,,,,,43,22,77,,,,,,,30,25,35,2471,13,11,15,0.29,11,44,2272:1,0.28,4,16,6326:1,0.97,14,55,1807:1,0.66,4153,1.17,,,,,,35,0.83,,,52,,35,43,-0.27,,,38,,43,15175,18523,82,79,85,1.14,2838,5311,53,45,62,0.45,274,11696,2.3,-1.04,23,15,31,0.39,,,52,51,13,96089,21255,4.5,-0.04,1377,4701,29,21,38,0.51,23,9.2,0.40,134,104,86,121,0.26,,,,,,,,,,,,,,,,,,,,,,9.5,1.14,No,-0.77,7,5,10,6,4,8,1,0,2,0,0,1,-1.24,85,83,88,1.01,,,,,,,,,,,,,,,,10079,46,40,53,1.03
01021,Alabama,2024,Chilton,,950,10953,9897,12009,0.29,,,,,,,,,,,,,11772,8649,15654,,,,,,,,,,11138,9940,12337,,21,18,24,0.62,4.4,3.5,5.4,0.81,5.9,4.8,7.1,1.17,,9,8,10,0.22,7,5,9,,,,,,,15,12,19,,,,,,,8,7,9,22,18,26,0.64,42,35,50,1.08,7.1,0.40,34,29,40,1.41,31,1.35,15,12,19,-0.65,14,61,23,16,30,-0.29,150,331.3,-0.22,39,35,43,1.36,61,47,79,,,,,,,28,19,41,,,,65,33,117,37,32,41,5382,15,13,16,0.58,10,22,4527:1,0.88,12,26,3824:1,0.66,36,78,1275:1,0.55,3581,0.66,,,3904,,3447,33,1.08,,,27,,33,37,0.31,,,26,,37,25149,30609,82,80,85,1.10,5129,11232,46,39,52,1.12,460,20266,2.3,-1.10,22,15,29,0.31,,,22,30,14,106864,26153,4.1,-0.59,2083,10692,19,14,25,-0.46,70,15.5,-0.72,208,94,81,106,-0.09,,,,,,,,,,81,48,129,,,,,,,101,86,116,9.9,1.38,No,-0.77,13,10,16,10,7,12,3,2,4,0,0,1,-0.03,82,80,85,0.59,,,,,,,,,,,,,,,,18524,51,46,56,1.41
01023,Alabama,2024,Choctaw,,298,12337,9975,14699,0.69,,,,,,,,,,,,,16279,12013,20544,,,,,,,,,,9765,6949,12581,,24,21,28,1.39,4.7,3.7,5.7,1.24,6.3,5.0,7.5,1.80,,11,9,13,1.35,,,,,,,,,,16,12,19,,,,,,,8,6,10,22,18,26,0.78,45,36,53,1.60,6.2,1.16,37,31,43,1.98,25,1.62,12,9,15,-1.89,9,21,43,32,53,1.04,46,367.0,-0.08,30,24,38,0.60,,,,,,,,,,31,22,43,,,,,,,30,21,41,1191,13,11,15,0.24,5,40,2507:1,0.39,6,48,2073:1,0.02,1,8,12439:1,0.87,2712,-0.12,,,3932,,2233,44,-0.29,,,41,,46,34,0.60,,,26,,37,7458,9052,82,78,86,1.06,1253,2468,51,39,62,0.68,165,4298,3.8,0.19,31,20,43,1.39,,,47,,20,103061,16676,6.2,2.05,975,2526,39,28,49,1.43,27,21.5,-1.80,69,109,85,138,0.45,,,,,,,,,,118,80,168,,,,,,,106,75,146,9.3,1.02,No,-0.77,10,6,13,6,3,9,1,0,2,3,1,5,-0.75,87,82,93,1.29,,,,,,,87,82,92,,,,92,84,100,4402,51,43,60,1.44
01025,Alabama,2024,Clarke,,593,14885,13026,16743,1.43,,,,,,,,,,,,,17168,14405,19932,,,,,,,,,,13651,10997,16306,,24,20,27,1.30,4.6,3.7,5.6,1.13,5.8,4.7,7.0,0.99,,13,12,15,2.25,,,,,,,,,,17,15,20,,,,,,,9,7,11,22,18,26,0.59,43,36,51,1.32,5.5,1.75,38,33,44,2.21,53,0.39,12,10,15,-1.74,14,41,34,26,42,0.45,165,725.0,1.24,30,25,35,0.60,,,,,,,,,,38,31,46,,,,,,,22,17,29,2165,12,11,14,0.15,9,40,2529:1,0.40,8,36,2814:1,0.39,21,93,1072:1,0.48,3623,0.70,,,5508,,3076,34,0.95,,,36,,33,26,1.37,,,22,,27,13035,16015,81,79,84,1.24,2074,5166,40,33,47,1.59,385,7694,5.0,1.14,33,22,44,1.61,,,41,,19,102234,17794,5.7,1.50,2100,5072,41,33,50,1.71,38,16.7,-0.94,112,95,78,113,-0.03,,,,,,,,,,95,71,126,,,,,,,101,77,130,9.5,1.14,Yes,1.30,12,9,15,11,8,14,2,1,3,1,0,1,-0.16,90,87,94,1.70,,,,,,,87,84,90,,,,92,87,97,7694,36,30,43,0.26
01027,Alabama,2024,Clay,,322,13780,11384,16176,1.11,,,,,,,,,,,,,,,,,,,,,,,,,,,,,21,18,25,0.78,4.5,3.6,5.5,0.93,6.1,4.9,7.4,1.46,,9,8,11,0.51,,,,,,,,,,13,8,19,,,,,,,8,6,10,21,17,26,0.52,42,33,50,0.92,7.4,0.14,35,29,41,1.60,64,-0.11,14,11,17,-1.20,10,21,48,37,57,1.36,60,422.8,0.12,33,27,41,0.89,,,,,,,,,,29,14,52,,,,,,,32,25,41,1466,13,11,15,0.34,4,28,3548:1,0.72,2,14,7099:1,1.02,2,14,7099:1,0.84,2559,-0.26,,,1040,,2530,37,0.58,,,55,,37,39,0.11,,,30,,40,8378,10053,83,80,86,0.89,1434,3042,47,38,57,0.99,139,6130,2.3,-1.10,25,16,34,0.68,,,63,9,13,106078,19137,5.5,1.25,591,2910,20,14,27,-0.37,16,11.3,0.03,76,113,89,142,0.59,,,,,,,,,,,,,,,,,,,,,,7.6,0.01,Yes,1.30,8,5,11,6,3,9,1,0,3,1,0,2,-1.14,83,78,89,0.73,,,,,,,,,,,,,,,,5176,40,31,48,0.53
01029,Alabama,2024,Cleburne,,354,12867,10748,14985,0.84,,,,,,,,,,,,,,,,,,,,,,,,,,,,,20,16,23,0.45,4.4,3.5,5.5,0.81,6.1,4.9,7.3,1.38,,8,6,9,-0.22,,,,,,,,,,,,,,,,,,,,,,21,16,26,0.39,36,28,45,-0.28,7.3,0.23,32,27,38,1.05,42,0.86,15,11,18,-0.87,7,29,24,14,35,-0.22,38,251.6,-0.51,30,24,38,0.63,,,,,,,,,,,,,,,,,,,,,,1481,12,10,14,0.15,4,26,3776:1,0.76,,,,0.00,8,52,1918:1,0.67,2478,-0.33,,,,,,30,1.45,,,,,,36,0.40,,,28,,36,8775,10630,83,80,85,1.03,1547,3578,43,34,53,1.32,148,6141,2.4,-0.98,22,14,29,0.27,,,,48,17,99217,22769,4.4,-0.25,801,3446,23,13,33,-0.08,13,8.6,0.50,89,119,95,146,0.79,,,,,,,,,,,,,,,,,,,,,,9.4,1.08,No,-0.77,9,6,12,6,4,9,1,0,2,2,0,3,-0.88,85,80,90,0.98,,,,,,,,,,,,,,,,5593,57,48,66,1.88
01031,Alabama,2024,Coffee,,994,10534,9557,11511,0.17,,,,,,,,,,,,,15195,12330,18061,,,,,,,,,,10404,9211,11597,,19,16,23,0.36,4.3,3.5,5.2,0.64,5.8,4.8,6.9,0.94,,8,8,9,-0.01,7,5,8,,,,13,6,21,14,12,16,,,,10,5,16,7,6,8,19,15,23,-0.14,40,33,47,0.46,6.8,0.65,31,26,36,0.74,54,0.35,15,12,18,-0.85,14,51,27,20,35,0.01,313,577.8,0.70,28,25,31,0.41,71,57,88,,,,,,,32,25,41,,,,46,28,71,19,16,22,5564,12,11,14,0.19,28,52,1935:1,0.07,19,35,2884:1,0.41,58,106,945:1,0.43,3752,0.81,,,4572,,3712,41,0.09,,45,43,33,41,34,0.60,,30,30,19,35,31665,36556,87,85,88,0.30,8558,13710,62,57,68,-0.32,548,21597,2.5,-0.88,23,17,29,0.37,47,,60,48,9,122118,24231,5.0,0.61,4058,12624,32,27,37,0.80,67,12.4,-0.17,193,73,63,84,-0.80,,,,,,,,,,85,60,116,,,,,,,81,68,94,9.1,0.90,No,-0.77,12,10,14,10,8,12,2,1,3,1,0,1,-0.21,86,83,88,1.04,,,,,,,84,79,89,80,69,90,83,79,87,22669,32,29,35,-0.12
01033,Alabama,2024,Colbert,,1238,11291,10284,12299,0.39,,,,,,,,,,,,,15243,12188,18298,,,,,,,,,,10899,9787,12012,,19,16,22,0.20,4.2,3.3,5.2,0.51,5.8,4.7,7.1,1.02,,10,9,11,0.95,8,4,11,,,,,,,16,13,18,,,,11,5,18,9,8,10,19,15,24,0.05,39,31,48,0.42,6.8,0.65,31,26,37,0.88,69,-0.31,15,11,18,-0.83,18,58,31,24,38,0.25,297,516.8,0.47,27,24,30,0.33,43,28,63,,,,,,,23,17,31,,,,37,20,62,26,23,30,4884,11,9,12,-0.15,38,66,1512:1,-0.33,29,50,2001:1,-0.03,33,57,1759:1,0.65,3697,0.76,,,5473,,3486,34,0.95,,45,42,,33,43,-0.27,,21,37,,44,35274,40835,86,85,88,0.34,7705,13875,56,49,62,0.27,722,23842,3.0,-0.47,27,21,33,0.87,,,57,49,16,107165,22730,4.7,0.20,3925,11966,33,26,40,0.86,91,15.8,-0.78,223,80,70,91,-0.55,,,,,,,,,,72,49,102,,,,,,,87,75,100,8.1,0.31,Yes,1.30,11,9,13,10,8,12,1,0,1,1,0,2,-0.44,85,83,88,1.01,,,,,,,91,87,95,,,,85,82,88,25195,23,20,26,-0.79
01035,Alabama,2024,Conecuh,,370,17561,14535,20587,2.20,,,,,,,,,,,,,21316,16571,26062,,,,,,,,,,15370,10992,19748,,25,21,28,1.48,4.8,3.9,5.8,1.39,6.1,4.9,7.3,1.44,,14,12,17,2.87,,,,,,,,,,19,15,23,,,,,,,9,7,12,23,19,27,0.83,45,37,54,1.74,6.8,0.65,38,32,44,2.12,37,1.08,12,9,15,-1.90,3,24,13,4,25,-0.99,63,556.1,0.62,29,23,37,0.54,,,,,,,,,,28,19,38,,,,,,,30,20,44,969,11,10,13,0.00,5,44,2266:1,0.28,2,18,5603:1,0.91,8,71,1401:1,0.58,7136,3.00,,,9831,,6349,29,1.57,,,29,,30,39,0.11,,,32,,43,7496,8382,89,86,93,-0.20,1181,2524,47,34,60,1.02,150,4242,3.5,-0.06,44,31,57,2.90,,,45,,21,87088,17252,5.0,0.62,1247,2368,53,33,73,2.82,8,7.1,0.78,70,117,91,147,0.72,,,,,,,,,,113,77,161,,,,,,,126,89,173,9.2,0.96,No,-0.77,8,5,11,7,4,10,0,0,2,1,0,2,-1.09,88,84,92,1.31,,,,,,,88,54,100,,,,89,83,95,3664,39,29,48,0.42
01037,Alabama,2024,Coosa,,269,13936,11032,16840,1.15,,,,,,,,,,,,,22841,15519,32421,,,,,,,,,,9735,7176,12294,,20,18,23,0.53,4.3,3.5,5.3,0.69,5.9,4.8,7.1,1.07,,12,9,14,1.65,,,,,,,,,,21,14,27,,,,,,,9,6,11,20,16,24,0.20,39,31,47,0.35,7.4,0.14,33,28,39,1.26,4,2.55,13,11,17,-1.33,7,22,32,20,43,0.30,89,851.7,1.71,28,21,38,0.46,,,,,,,,,,20,11,36,,,,,,,33,23,46,870,11,10,13,-0.01,,,,0.00,,,,0.00,2,20,5083:1,0.82,2862,0.02,,,2734,,2721,33,1.08,,,43,,31,36,0.40,,,27,,38,6720,8049,83,80,87,0.86,877,2141,41,29,53,1.52,113,4459,2.5,-0.88,31,20,42,1.39,,,60,,7,102848,26010,4.0,-0.76,580,1658,35,22,48,1.08,10,9.6,0.33,56,105,79,137,0.32,,,,,,,,,,131,81,201,,,,,,,100,70,139,9.6,1.20,No,-0.77,9,6,13,5,2,8,3,1,5,1,0,3,-0.83,79,72,85,0.09,,,,,,,,,,,,,,,,3851,41,32,49,0.58
01039,Alabama,2024,Covington,,1026,13974,12589,15359,1.16,,,,,,,,,,,,,20152,15789,24515,,,,,,,,,,13550,12021,15079,,21,17,24,0.62,4.5,3.6,5.4,0.88,5.8,4.7,6.9,0.96,,10,9,11,0.62,,,,,,,,,,19,15,22,,,,,,,8,7,10,22,18,26,0.66,40,33,48,0.62,6.9,0.57,32,26,37,0.95,58,0.16,13,11,17,-1.29,9,46,20,12,28,-0.52,178,474.4,0.31,37,33,42,1.24,58,28,107,,,,,,,27,18,38,,,,74,41,121,38,33,43,3844,13,12,15,0.33,18,48,2085:1,0.17,14,37,2686:1,0.34,30,80,1253:1,0.55,4800,1.75,,,6901,,4707,42,-0.04,,,45,,42,34,0.60,,,26,,35,22680,26447,86,84,88,0.46,4270,8315,51,46,57,0.63,399,15152,2.6,-0.80,25,17,33,0.66,,,44,23,25,103426,17879,5.8,1.55,2756,8222,34,27,40,0.93,46,12.3,-0.15,186,100,86,115,0.14,,,,,,,,,,91,56,139,,,,,,,105,89,121,9.1,0.90,No,-0.77,13,10,15,9,7,11,2,1,3,2,1,3,-0.08,87,85,90,1.29,,,,,,,89,81,98,,,,88,85,91,14928,26,23,30,-0.53
01041,Alabama,2024,Crenshaw,,375,13538,11308,15767,1.04,,,,,,,,,,,,,15719,11178,21488,,,,,,,,,,13530,10865,16196,,22,18,25,0.82,4.4,3.5,5.4,0.80,6.0,4.8,7.2,1.19,,10,8,12,0.79,,,,,,,,,,18,13,23,,,,,,,8,6,9,21,17,25,0.44,38,30,46,0.18,6.6,0.82,36,30,42,1.74,15,2.07,14,11,17,-1.20,6,19,32,19,44,0.28,108,825.5,1.62,24,19,31,0.09,,,,,,,,,,25,15,39,,,,,,,24,17,32,1426,14,12,16,0.41,3,23,4361:1,0.86,3,23,4342:1,0.75,9,69,1447:1,0.59,3895,0.94,,,6879,,3492,40,0.21,,,48,,38,31,0.89,,,28,,32,7508,9148,82,79,85,1.11,1443,3009,48,39,56,0.92,157,5977,2.6,-0.80,28,19,38,1.05,,,16,29,12,99303,16631,6.0,1.79,821,3020,27,18,36,0.31,15,11.5,-0.01,69,101,79,128,0.17,,,,,,,,,,100,57,162,,,,,,,108,81,142,9.1,0.90,No,-0.77,10,7,13,9,6,12,1,0,2,1,0,1,-0.66,79,72,85,0.08,,,,,,,75,66,84,,,,76,68,84,5128,46,39,54,1.05
01043,Alabama,2024,Cullman,,1873,11750,10926,12573,0.52,9231,6030,13526,,,,,,,,,,,,,,,,,,,,,,11927,11065,12790,,18,15,21,0.09,4.3,3.4,5.3,0.56,5.5,4.4,6.8,0.49,,9,8,9,0.15,6,4,8,,,,20,9,31,,,,,,,15,7,24,9,8,9,19,15,23,-0.05,38,30,46,0.07,7.5,0.06,30,25,36,0.63,49,0.58,16,12,19,-0.41,28,114,25,20,30,-0.19,211,235.8,-0.57,31,28,33,0.66,32,23,43,,,,,,,,,,,,,,,,31,28,34,8786,12,11,14,0.13,43,48,2081:1,0.17,44,49,2061:1,0.01,145,160,625:1,0.18,3896,0.94,,,13632,,3851,47,-0.66,,36,,27,47,47,-0.66,,50,31,25,47,52054,61520,85,83,86,0.66,12669,21356,59,54,64,-0.05,812,39337,2.1,-1.26,18,14,23,-0.14,,,6,34,15,110759,25032,4.4,-0.17,3850,19643,20,16,23,-0.44,87,9.7,0.30,429,101,92,111,0.18,52,25,97,,,,,,,,,,,,,,,,106,96,117,9.4,1.08,No,-0.77,11,9,12,8,7,9,2,1,3,1,1,2,-0.45,85,84,87,0.98,,,,,,,,,,49,38,60,87,86,89,38671,34,31,36,0.03
01045,Alabama,2024,Dale,,1004,11921,10834,13008,0.57,,,,,,,,,,,,,13082,10696,15468,,,,,,,,,,12405,11039,13772,,21,18,24,0.62,4.3,3.4,5.2,0.57,6.0,4.9,7.1,1.25,,9,8,10,0.19,9,6,12,,,,,,,13,11,15,,,,10,5,16,7,6,8,20,17,25,0.30,39,32,47,0.33,6.5,0.90,35,29,41,1.49,44,0.77,15,12,19,-0.64,12,47,26,18,34,-0.12,306,620.2,0.86,34,31,38,0.97,34,22,49,,,,,,,42,34,50,,,,43,25,67,31,27,36,4564,11,10,13,0.00,14,28,3524:1,0.71,17,34,2914:1,0.43,66,133,751:1,0.31,3253,0.37,,,3687,,3258,42,-0.04,,47,49,56,41,37,0.31,,45,34,15,38,28857,33687,86,84,87,0.47,7638,12882,59,54,64,-0.05,552,21052,2.6,-0.81,30,24,37,1.29,,,52,25,23,103013,20595,5.0,0.56,3363,11388,30,25,34,0.54,50,10.1,0.23,204,83,72,94,-0.46,,,,,,,,,,83,60,113,,,,,,,87,73,102,9.1,0.90,No,-0.77,12,10,14,11,9,13,1,0,1,1,0,1,-0.15,83,81,86,0.72,,,,,,,87,84,89,83,70,95,89,85,92,19769,29,25,32,-0.34
01047,Alabama,2024,Dallas,,1046,17680,16060,19301,2.24,,,,,,,,,,,,,19739,17735,21742,,,,,,,,,,13068,10305,15830,,27,23,31,1.94,4.9,3.9,5.9,1.49,6.2,5.0,7.4,1.53,,14,13,16,2.86,,,,,,,,,,16,14,17,,,,,,,9,6,11,22,18,27,0.73,45,37,52,1.58,6.5,0.90,38,32,44,2.18,56,0.24,11,9,14,-2.15,17,56,30,23,37,0.20,326,866.6,1.77,33,29,37,0.85,,,,,,,,,,36,31,40,,,,,,,26,18,35,3117,11,9,12,-0.14,27,72,1393:1,-0.49,13,35,2828:1,0.39,26,71,1414:1,0.59,4280,1.29,,,5442,,3021,40,0.21,,,36,,45,35,0.50,,,28,,43,22167,25984,85,83,87,0.54,4512,8541,53,45,61,0.50,694,13749,5.0,1.18,47,33,60,3.25,,,48,,21,79856,14553,5.5,1.18,5200,8982,58,49,67,3.34,52,13.8,-0.43,233,124,108,140,0.96,,,,,,,,,,129,110,148,,,,,,,118,90,152,9.5,1.14,No,-0.77,17,13,20,13,10,16,1,0,2,3,1,5,0.88,86,83,90,1.15,,,,,,,83,78,87,,,,86,82,91,14138,32,27,36,-0.11
01049,Alabama,2024,DeKalb,,1551,11920,11018,12822,0.57,6094,4565,7971,,,,,,,,,,,,,,,,,,,,,,13320,12215,14425,,23,20,27,1.17,4.8,3.8,5.8,1.39,6.2,5.1,7.4,1.57,,8,8,9,0.06,7,6,8,,,,,,,,,,,,,,,,9,8,10,22,18,27,0.76,41,34,49,0.79,,0.00,35,29,41,1.58,43,0.85,14,11,18,-1.02,19,87,22,16,28,-0.37,187,260.4,-0.48,32,30,35,0.80,52,45,59,,,,,,,36,17,66,,,,,,,26,23,29,11514,20,18,22,1.54,29,40,2476:1,0.38,21,29,3428:1,0.58,36,50,2000:1,0.68,3215,0.33,,,1060,,3257,29,1.57,,,30,,30,37,0.31,,,35,22,37,37608,48385,78,76,80,1.89,8833,17390,51,46,56,0.68,730,31146,2.3,-1.04,24,18,30,0.50,40,,29,57,20,95468,19829,4.8,0.33,3608,17145,21,17,25,-0.30,63,8.8,0.47,368,103,92,113,0.23,37,23,57,,,,,,,,,,,,,,,,120,107,132,7.5,-0.05,No,-0.77,11,9,12,8,6,9,3,2,4,1,0,1,-0.50,82,79,85,0.57,,,,,,,,,,79,70,88,84,82,86,30290,31,28,35,-0.14
01051,Alabama,2024,Elmore,,1491,9600,8844,10357,-0.10,,,,,,,,,,,,,12300,10481,14119,,,,,,,,,,9236,8358,10114,,17,14,20,-0.19,3.8,3.0,4.8,-0.15,5.3,4.3,6.4,0.13,,9,9,10,0.40,10,6,13,,,,,,,15,14,17,,,,11,5,16,7,6,8,17,13,21,-0.56,39,32,46,0.31,7.9,-0.28,30,25,36,0.65,51,0.46,15,12,19,-0.55,18,54,33,26,40,0.40,497,556.5,0.62,21,19,23,-0.19,29,18,44,,,,,,,26,21,31,,,,43,26,65,18,15,20,8243,12,10,13,0.05,20,22,4465:1,0.88,12,13,7464:1,1.04,25,28,3583:1,0.78,3726,0.79,,,5928,,3473,43,-0.16,,28,45,,43,34,0.60,,40,29,30,34,54054,61046,89,87,90,-0.04,12821,23749,54,50,58,0.40,839,38234,2.2,-1.16,15,10,20,-0.53,,,21,20,11,129961,33115,3.9,-0.80,4765,19056,25,20,30,0.09,90,10.1,0.24,293,70,62,78,-0.90,,,,,,,,,,67,51,87,,,,,,,75,65,85,10.0,1.44,No,-0.77,11,9,13,9,7,11,1,1,2,1,0,1,-0.42,86,84,88,1.09,,,,,,,80,70,91,,,,79,78,81,38872,48,44,52,1.14
01053,Alabama,2024,Escambia,,922,14205,12811,15599,1.23,,,,,,,,,,,,,16961,14315,19607,,,,,,,,,,13030,11288,14772,,26,22,29,1.70,5.0,4.1,6.0,1.66,6.4,5.2,7.6,1.87,,9,8,10,0.48,,,,10,4,15,,,,14,12,17,,,,,,,7,6,8,24,20,29,1.30,46,38,54,1.85,6.6,0.82,39,34,45,2.35,39,1.02,13,10,16,-1.46,15,49,31,23,38,0.22,223,607.6,0.81,39,35,43,1.37,67,36,115,37,19,65,,,,35,28,43,,,,55,29,95,40,34,46,3687,14,12,15,0.39,11,30,3336:1,0.67,16,44,2292:1,0.15,31,85,1183:1,0.52,4624,1.59,8271,,5336,,4519,28,1.70,45,,25,,29,31,0.89,19,,21,,33,20946,25461,82,80,85,1.08,3191,9323,34,29,39,2.09,442,14231,3.1,-0.41,26,16,37,0.82,30,,47,19,18,84766,16534,5.1,0.72,3283,8333,39,32,47,1.51,51,13.9,-0.44,228,124,108,140,0.97,,,,193,103,331,,,,82,60,109,,,,,,,147,125,170,9.3,1.02,Yes,1.30,12,9,14,11,8,14,1,0,2,0,0,1,-0.29,91,90,93,1.84,93,85,100,,,,89,83,94,,,,91,88,93,12733,28,24,32,-0.41
01055,Alabama,2024,Etowah,,2607,13500,12693,14308,1.03,,,,,,,,,,,,,18030,15720,20340,,,,,,,,,,13161,12241,14082,,20,17,23,0.51,4.4,3.5,5.4,0.78,6.3,5.2,7.4,1.70,,9,8,10,0.28,7,5,8,,,,,,,14,13,16,,,,,,,8,7,9,19,16,24,0.08,39,33,46,0.42,6.3,1.07,32,27,38,1.09,54,0.35,14,11,17,-1.06,14,87,16,11,22,-0.75,484,469.2,0.30,36,33,38,1.08,67,54,83,,,,,,,40,34,46,,,,48,33,69,31,29,34,10729,13,12,15,0.32,76,74,1357:1,-0.54,52,50,1982:1,-0.05,149,145,692:1,0.25,4350,1.35,,,6735,,4164,29,1.57,,25,32,,28,35,0.50,,38,25,15,36,62621,72715,86,85,87,0.39,13311,24636,54,50,58,0.40,1189,39274,3.0,-0.48,25,19,32,0.69,,,37,50,18,103611,21911,4.7,0.22,7312,22076,33,28,38,0.89,154,14.9,-0.62,488,95,87,104,-0.04,56,29,97,,,,,,,92,72,115,,,,,,,100,91,110,8.4,0.49,Yes,1.30,11,9,12,9,8,11,1,1,2,1,0,1,-0.52,88,87,90,1.37,,,,,,,89,87,91,81,73,89,89,86,91,43715,29,25,32,-0.37
01057,Alabama,2024,Fayette,,416,14500,12291,16709,1.32,,,,,,,,,,,,,20447,13232,30184,,,,,,,,,,14325,11931,16718,,22,19,26,0.93,4.7,3.8,5.7,1.21,6.1,5.0,7.4,1.51,,10,8,12,0.81,,,,,,,,,,22,15,29,,,,,,,8,6,10,23,19,27,0.88,38,30,46,0.07,7.1,0.40,35,29,41,1.58,36,1.15,14,11,17,-1.23,6,22,27,16,39,-0.01,57,353.0,-0.14,34,27,40,0.91,,,,,,,,,,33,16,59,,,,,,,35,28,42,1516,12,10,14,0.12,16,99,1009:1,-1.24,5,31,3224:1,0.52,3,19,5373:1,0.82,3932,0.97,,,4553,,3736,39,0.33,,,56,,37,40,0.02,,,45,,39,9570,11428,84,81,87,0.82,1607,3527,46,37,54,1.12,180,6591,2.7,-0.72,28,19,36,0.95,,,58,,31,100676,17890,5.6,1.35,959,3436,28,18,37,0.38,13,8.1,0.60,84,103,82,127,0.24,,,,,,,,,,117,58,209,,,,,,,105,82,132,9.0,0.84,Yes,1.30,9,7,12,8,6,11,1,0,1,1,0,1,-0.77,88,84,92,1.35,,,,,,,,,,,,,,,,6236,43,36,50,0.79
01059,Alabama,2024,Franklin,,689,12137,10802,13472,0.63,6177,4137,8871,,,,,,,,,,,,,,,,,,,,,,13138,11483,14793,,23,20,27,1.15,4.7,3.7,5.7,1.21,5.9,4.7,7.2,1.08,,10,9,11,0.65,7,6,9,,,,,,,,,,,,,,,,11,9,12,22,18,26,0.66,39,31,48,0.37,7.2,0.31,36,31,43,1.83,57,0.22,14,11,18,-1.06,6,38,16,8,25,-0.77,101,315.5,-0.27,43,39,48,1.76,64,52,78,,,,,,,,,,,,,,,,38,33,44,3927,15,13,17,0.64,13,41,2463:1,0.37,7,22,4562:1,0.79,5,16,6386:1,0.83,4590,1.56,,,1004,2080,4630,31,1.33,,,33,38,31,37,0.31,,,25,22,38,17102,21351,80,78,83,1.47,3210,7692,42,36,48,1.45,342,14565,2.3,-1.03,24,16,32,0.58,,,8,33,24,96197,20691,4.6,0.12,2381,7916,30,21,39,0.59,25,7.8,0.64,148,94,79,109,-0.08,39,19,69,,,,,,,,,,,,,,,,109,91,128,8.2,0.37,No,-0.77,11,8,14,8,6,11,3,1,4,1,0,2,-0.44,83,78,87,0.64,,,,,,,,,,61,44,79,88,83,93,13403,36,30,41,0.20
01061,Alabama,2024,Geneva,,686,14208,12509,15906,1.23,,,,,,,,,,,,,23936,17177,32471,,,,,,,,,,14014,12159,15868,,23,19,26,1.04,4.8,3.8,5.8,1.32,6.2,5.1,7.5,1.65,,9,7,10,0.11,,,,,,,,,,21,15,27,,,,,,,8,6,9,22,18,27,0.76,42,34,50,0.92,6.4,0.99,36,31,42,1.83,35,1.18,13,11,17,-1.29,11,40,28,19,36,0.01,125,468.1,0.29,33,29,38,0.89,42,25,67,,,,,,,30,18,47,,,,61,30,109,32,27,38,2893,14,12,16,0.43,8,30,3338:1,0.67,2,7,13392:1,1.21,8,30,3348:1,0.77,3206,0.32,,,4355,,3164,37,0.58,,,46,,37,37,0.31,,,35,,37,15831,18982,83,81,86,0.88,3078,6182,50,43,57,0.76,270,11267,2.4,-0.99,25,16,34,0.71,,,53,68,15,96394,20539,4.7,0.17,1142,5834,20,13,26,-0.45,24,9.0,0.43,128,97,80,114,0.02,,,,,,,,,,132,75,214,,,,,,,100,81,118,9.0,0.84,No,-0.77,12,9,15,11,8,14,1,0,2,0,0,0,-0.12,88,84,91,1.34,,,,,,,,,,,,,,,,10627,40,35,45,0.54
01063,Alabama,2024,Greene,,220,15895,12457,19334,1.72,,,,,,,,,,,,,,,,,,,,,,,,,,,,,32,28,37,3.00,5.5,4.5,6.6,2.49,6.4,5.2,7.7,1.96,,16,14,19,3.00,,,,,,,,,,,,,,,,,,,,,,27,22,32,1.86,52,43,61,3.00,4.0,3.00,46,39,52,3.00,4,2.54,9,7,12,-2.82,16,42,38,30,46,0.72,82,1074.8,2.54,51,41,63,2.41,,,,,,,,,,,,,,,,,,,,,,623,11,9,13,-0.05,3,39,2543:1,0.41,,,,0.00,1,13,7422:1,0.84,4840,1.79,,,5609,,2533,35,0.83,,,32,,43,25,1.47,,,20,,37,4462,5449,82,75,89,1.15,969,1777,55,38,71,0.36,120,2740,4.4,0.63,47,29,64,3.00,,,52,,7,74525,13734,5.4,1.10,1119,1696,66,48,84,3.00,6,7.9,0.64,36,89,63,124,-0.24,,,,,,,,,,72,46,108,,,,,,,185,98,316,9.3,1.02,No,-0.77,13,7,19,11,5,17,2,0,4,1,0,2,0.08,76,65,87,-0.23,,,,,,,,,,,,,,,,2170,43,29,56,0.75
01065,Alabama,2024,Hale,,395,15800,13401,18199,1.69,,,,,,,,,,,,,19513,15961,23064,,,,,,,,,,10766,7869,13662,,26,23,30,1.85,4.9,3.9,5.9,1.48,6.0,4.8,7.2,1.28,,12,10,14,1.84,,,,,,,,,,16,14,19,,,,,,,6,4,8,23,19,27,0.93,46,37,54,1.91,6.6,0.82,40,33,45,2.44,51,0.49,12,9,15,-2.01,11,23,48,38,57,1.37,191,1294.6,3.00,33,27,39,0.85,,,,,,,,,,37,29,47,,,,,,,24,16,35,1416,12,11,14,0.18,3,20,4918:1,0.93,2,14,7298:1,1.03,5,34,2919:1,0.75,5196,2.11,,,4729,,5524,34,0.95,,,32,,37,31,0.89,,,24,,37,8041,9980,81,76,85,1.38,1701,3397,50,40,60,0.74,232,5961,3.9,0.23,33,20,45,1.55,,,50,,11,90265,13806,6.5,2.50,1692,3444,49,36,62,2.47,10,6.8,0.83,76,103,81,129,0.25,,,,,,,,,,106,77,142,,,,,,,106,72,151,9.4,1.08,No,-0.77,15,11,20,12,8,16,4,1,6,0,0,1,0.60,87,82,92,1.22,,,,,,,90,79,100,,,,88,76,100,5358,51,41,61,1.44
01067,Alabama,2024,Henry,,377,11183,9260,13106,0.36,,,,,,,,,,,,,16205,11390,21020,,,,,,,,,,9635,7597,11674,,20,17,24,0.53,4.2,3.4,5.2,0.51,5.6,4.5,6.8,0.66,,11,10,13,1.40,,,,,,,,,,20,16,25,,,,,,,8,7,10,20,16,24,0.10,38,31,47,0.20,7.3,0.23,33,27,39,1.12,19,1.91,13,11,17,-1.31,4,13,31,16,46,0.23,132,756.1,1.36,27,21,33,0.31,,,,,,,,,,29,19,42,,,,,,,26,20,34,1597,12,10,14,0.11,6,34,2910:1,0.55,5,28,3531:1,0.60,9,51,1962:1,0.68,3304,0.41,,,3135,,3198,42,-0.04,,,51,,40,36,0.40,,,28,,37,10241,12561,82,78,85,1.21,1832,4003,46,38,54,1.11,191,7053,2.7,-0.74,23,14,31,0.37,,,57,19,8,112715,19266,5.9,1.63,1081,3508,31,22,39,0.66,23,13.2,-0.31,84,97,78,121,0.04,,,,,,,,,,91,56,141,,,,,,,105,81,134,9.1,0.90,No,-0.77,10,7,12,9,6,12,1,0,1,0,0,0,-0.72,88,85,90,1.32,,,,,,,78,69,87,,,,85,78,92,7154,38,32,45,0.41
01069,Alabama,2024,Houston,,2079,10816,10110,11522,0.25,,,,,,,,,,,,,15582,14005,17159,,,,,,,,,,9049,8261,9836,,20,17,23,0.42,4.2,3.4,5.1,0.52,5.5,4.6,6.5,0.47,,11,10,11,1.17,6,4,8,,,,7,3,11,17,15,18,,,,7,3,11,8,7,8,20,16,24,0.12,40,33,46,0.48,7.3,0.23,33,28,39,1.26,76,-0.61,14,11,17,-1.13,19,82,23,18,29,-0.28,732,681.2,1.08,32,30,35,0.81,46,34,61,,,,,,,53,48,59,,,,28,17,44,21,18,23,10692,12,11,14,0.18,88,82,1221:1,-0.77,69,64,1566:1,-0.44,192,178,563:1,0.11,3448,0.54,,,6612,,2931,44,-0.29,,35,47,53,44,42,-0.18,,41,33,31,43,64829,73993,88,87,88,0.12,15724,26931,58,56,61,0.03,1244,48000,2.6,-0.83,27,22,31,0.85,,5,46,39,12,115898,22335,5.2,0.80,8079,24382,33,31,36,0.89,119,11.1,0.06,396,75,67,82,-0.75,,,,,,,,,,63,50,77,,,,,,,83,74,93,8.1,0.31,No,-0.77,13,12,14,12,11,13,1,1,2,0,0,1,-0.02,86,85,87,1.06,,,,70,40,100,84,81,87,76,71,82,88,87,89,45364,25,24,27,-0.62
01071,Alabama,2024,Jackson,,1411,13259,12142,14377,0.96,,,,,,,,,,,,,,,,,,,,,,,,,,,,,21,17,25,0.67,4.5,3.6,5.6,0.92,6.1,4.9,7.4,1.43,,9,8,10,0.27,7,4,11,,,,,,,18,10,25,,,,,,,9,8,10,22,17,26,0.61,38,30,46,0.07,6.8,0.65,33,27,39,1.24,38,1.07,14,11,18,-1.09,14,65,22,15,28,-0.39,140,265.3,-0.46,29,26,32,0.52,56,38,81,,,,,,,,,,,,,,,,29,25,32,5780,14,12,16,0.45,27,51,1955:1,0.08,17,32,3111:1,0.49,29,55,1824:1,0.66,2484,-0.32,,,5459,,2442,46,-0.53,,,46,,46,39,0.11,,,33,,39,31028,37823,82,80,84,1.12,6395,12494,51,46,57,0.64,583,23185,2.5,-0.90,21,14,28,0.17,,,,72,23,98981,21057,4.7,0.18,2932,10840,27,23,31,0.29,44,8.3,0.55,245,94,83,106,-0.06,,,,,,,,,,,,,,,,,,,,,,8.6,0.61,No,-0.77,10,9,12,8,6,9,2,1,3,1,0,1,-0.56,85,85,86,0.99,,,,,,,,,,,,,,,,20023,40,36,44,0.56
01073,Alabama,2024,Jefferson,,13080,12626,12310,12941,0.77,8739,7456,10022,,,,,,3179,2188,4464,,16302,15753,16851,,,,,,,,,,10017,9621,10413,,19,16,21,0.16,3.9,3.2,4.7,0.01,5.8,5.0,6.7,0.96,,11,11,12,1.48,8,7,8,,,,10,8,12,16,16,17,,,,10,8,12,8,7,8,16,13,20,-0.66,39,35,44,0.42,6.9,0.57,30,26,34,0.53,80,-0.78,15,12,17,-0.81,62,477,13,11,15,-0.96,5830,873.0,1.79,22,21,23,-0.10,58,53,64,,,,,,,30,29,32,,,,24,19,31,10,9,10,55170,10,10,11,-0.22,742,111,900:1,-1.57,625,94,1065:1,-1.31,1638,246,406:1,-0.20,2957,0.10,,559,3772,1074,2558,45,-0.41,,33,40,18,47,44,-0.37,,49,32,28,48,416442,457310,91,91,92,-0.49,126483,182014,69,67,71,-0.92,8347,323290,2.6,-0.84,21,18,25,0.23,31,16,35,35,7,135327,24796,5.5,1.14,54585,152035,36,34,38,1.17,929,13.9,-0.44,3796,115,111,119,0.66,69,56,85,,,,26,14,42,128,122,134,,,,,,,113,108,118,10.7,1.85,No,-0.77,16,15,17,14,13,15,1,1,2,1,1,1,0.66,80,79,81,0.24,82,77,87,70,64,77,80,78,81,73,69,77,85,84,86,306222,34,33,35,0.07
01075,Alabama,2024,Lamar,,340,11620,9543,13697,0.48,,,,,,,,,,,,,,,,,,,,,,,,,,,,,21,17,24,0.64,4.5,3.6,5.5,0.94,6.0,4.8,7.3,1.26,,9,7,11,0.37,,,,,,,,,,18,11,25,,,,,,,8,6,10,22,18,26,0.64,39,31,47,0.29,7.2,0.31,35,29,41,1.51,9,2.34,14,11,17,-1.16,4,23,17,7,30,-0.67,56,409.1,0.07,39,31,46,1.35,,,,,,,,,,41,22,70,,,,,,,39,32,48,1260,12,10,14,0.08,,,,0.00,3,22,4568:1,0.79,3,22,4568:1,0.81,3265,0.38,,,2992,,3143,43,-0.16,,,43,,43,38,0.21,,,25,,39,8120,9894,82,79,85,1.11,1490,3130,48,38,57,0.95,155,5724,2.7,-0.74,23,14,31,0.36,2,,72,,12,101611,19198,5.3,0.93,551,3026,18,11,26,-0.58,12,8.8,0.47,73,106,83,133,0.33,,,,,,,,,,,,,,,,,,,,,,8.9,0.79,No,-0.77,11,8,15,8,5,12,2,0,4,1,0,3,-0.34,87,81,92,1.16,,,,,,,,,,,,,,,,5222,40,32,47,0.50
01077,Alabama,2024,Lauderdale,,1720,9456,8743,10169,-0.14,,,,,,,,,,,,,14549,11771,17327,,,,,,,,,,9074,8314,9834,,18,15,21,0.01,4.1,3.2,5.0,0.29,5.8,4.7,7.0,1.01,,9,9,10,0.47,9,6,12,,,,,,,17,15,20,,,,,,,8,7,9,19,15,23,-0.14,38,30,46,0.13,7.3,0.23,31,25,37,0.74,55,0.32,15,12,19,-0.58,11,76,14,9,21,-0.86,435,462.6,0.27,17,16,19,-0.49,40,29,55,,,,,,,17,13,22,,,,18,9,32,16,14,18,9267,13,11,14,0.24,51,54,1844:1,0.00,56,58,1712:1,-0.28,173,180,554:1,0.09,2400,-0.40,,,3226,,2348,38,0.46,,20,36,,38,47,-0.66,,40,36,29,47,57325,64564,89,87,90,-0.09,12024,21650,56,51,60,0.27,1131,42919,2.6,-0.80,19,13,25,-0.08,75,,48,10,12,112929,23327,4.8,0.36,4747,18182,26,21,31,0.20,131,13.9,-0.45,371,80,72,88,-0.57,,,,,,,,,,65,44,93,,,,,,,85,75,94,8.0,0.25,No,-0.77,12,11,14,11,9,12,1,0,1,1,1,2,-0.09,83,81,85,0.70,,,,,,,83,77,88,69,56,81,85,83,87,42958,33,30,36,-0.02
01079,Alabama,2024,Lawrence,,843,13336,11924,14748,0.98,,,,,,,,,,,,,22726,16426,29026,,,,,,,,,,13695,12075,15315,,21,18,24,0.69,4.5,3.6,5.5,0.89,6.0,4.8,7.2,1.27,,8,7,10,0.04,8,3,13,,,,,,,15,10,20,,,,11,5,17,8,7,9,22,18,26,0.66,41,33,50,0.86,7.1,0.40,33,28,39,1.24,56,0.24,14,11,18,-0.93,10,50,20,13,28,-0.49,101,305.2,-0.31,34,29,38,0.92,45,21,82,,,,,,,30,19,47,,,,29,15,51,39,33,44,3986,15,13,17,0.66,6,18,5515:1,0.99,3,9,11071:1,1.16,43,129,772:1,0.32,4215,1.23,,,2821,,4400,38,0.46,,,51,,36,36,0.40,,,30,,37,19408,23478,83,79,86,1.01,3966,7813,51,44,58,0.68,355,14737,2.4,-0.98,22,15,30,0.35,7,,20,,23,107514,24250,4.4,-0.15,1434,7172,20,14,26,-0.40,34,10.3,0.21,167,101,86,117,0.18,,,,,,,,,,120,74,183,,,,,,,113,95,132,8.5,0.55,No,-0.77,9,7,11,8,6,10,1,0,2,0,0,1,-0.86,90,88,91,1.60,,,,,,,,,,,,,,,,13720,52,45,58,1.45
01081,Alabama,2024,Lee,,2123,7740,7265,8216,-0.64,,,,,,,,,,,,,11963,10693,13233,,,,,,,,,,6822,6291,7352,,17,15,20,-0.08,4.0,3.2,4.8,0.16,5.3,4.3,6.2,0.04,,10,9,10,0.59,8,6,10,,,,10,8,13,15,14,16,,,,11,6,15,7,7,8,16,13,19,-0.78,39,33,45,0.33,6.9,0.57,30,25,35,0.63,61,0.02,16,13,20,-0.23,27,95,28,23,34,0.07,875,493.7,0.39,13,12,14,-0.87,44,35,54,,,,,,,24,21,28,,,,,,,8,7,9,17375,12,10,13,0.05,88,50,2014:1,0.12,62,34,2916:1,0.43,219,121,825:1,0.36,2325,-0.46,,,3879,,1980,37,0.58,,27,34,,38,41,-0.08,,35,31,22,44,98209,107084,92,91,93,-0.61,35125,45366,77,73,82,-1.60,1871,79466,2.4,-1.03,13,8,18,-0.77,,3,36,21,9,126314,19278,6.6,2.52,9137,36479,25,22,29,0.09,145,8.2,0.58,532,64,58,69,-1.13,,,,,,,41,22,69,83,70,96,,,,,,,62,55,68,10.1,1.50,No,-0.77,18,16,19,15,13,17,4,3,4,1,0,1,1.13,81,79,82,0.35,,,,75,69,81,79,75,83,77,67,88,79,77,81,80729,27,24,29,-0.49
01083,Alabama,2024,Limestone,,1592,8329,7708,8949,-0.47,5690,3839,8123,,,,,,,,,,7997,6233,9761,,,,,,,,,,8888,8137,9639,,17,14,20,-0.15,3.9,3.0,4.8,-0.06,5.5,4.5,6.6,0.46,,9,8,9,0.20,8,6,9,,,,,,,16,13,18,,,,9,4,13,8,7,9,17,13,21,-0.56,37,30,44,-0.17,7.7,-0.11,29,24,35,0.49,49,0.56,15,12,19,-0.66,33,117,28,23,33,0.06,319,296.7,-0.34,21,19,23,-0.21,44,36,53,,,,,,,15,11,20,,,,,,,19,17,21,9964,11,10,13,-0.03,37,34,2906:1,0.54,33,30,3361:1,0.56,63,57,1760:1,0.65,2746,-0.09,,,5532,,2556,42,-0.04,,46,39,36,43,44,-0.37,,58,33,31,45,63807,73067,87,86,89,0.18,18445,28279,65,60,70,-0.56,1013,48335,2.1,-1.24,14,10,18,-0.67,31,,32,42,10,150745,33917,4.4,-0.14,4123,22973,18,14,22,-0.61,89,8.3,0.56,319,64,57,71,-1.13,61,37,95,,,,,,,41,28,60,,,,,,,70,62,79,8.6,0.61,No,-0.77,10,8,12,8,6,9,2,1,3,1,0,1,-0.67,84,82,86,0.84,,,,,,,83,77,88,80,65,95,81,79,83,47315,41,37,44,0.60
01085,Alabama,2024,Lowndes,,302,19377,15991,22763,2.73,,,,,,,,,,,,,,,,,,,,,,,,,,,,,28,24,32,2.21,4.8,3.8,5.9,1.42,6.0,4.8,7.2,1.22,,15,12,17,2.99,,,,,,,,,,,,,,,,,,,,,,23,19,28,1.03,47,38,56,2.20,5.3,1.92,42,35,48,2.84,1,2.68,11,8,13,-2.36,9,38,24,15,33,-0.25,96,963.4,2.13,33,26,42,0.87,,,,,,,,,,,,,,,,,,,,,,827,11,9,13,-0.12,1,10,9965:1,1.22,,,,0.00,1,10,9777:1,0.86,3583,0.66,,,2930,,3159,44,-0.29,,,46,,42,31,0.89,,,25,,35,5862,7035,83,80,87,0.89,1126,2358,48,36,60,0.94,182,3506,5.2,1.30,46,32,61,3.00,,,,,,85716,13212,6.5,2.44,1194,2237,53,42,65,2.89,6,6.0,0.96,63,128,98,163,1.10,,,,,,,,,,146,109,192,,,,,,,81,39,150,9.4,1.08,No,-0.77,19,14,23,17,12,21,1,0,3,1,0,2,1.37,86,81,90,1.05,,,,,,,87,77,97,,,,79,65,93,3642,62,52,73,2.31
01087,Alabama,2024,Macon,,460,13986,11886,16086,1.17,,,,,,,,,,,,,,,,,,,,,,,,,,,,,25,21,29,1.57,4.5,3.6,5.5,0.90,5.7,4.6,7.0,0.83,,13,11,15,2.21,,,,,,,,,,14,12,16,,,,,,,9,5,13,20,16,25,0.25,48,40,57,2.31,5.8,1.50,38,32,44,2.08,35,1.17,12,9,15,-2.00,15,54,28,21,35,0.03,174,920.9,1.97,18,15,21,-0.45,,,,,,,,,,18,14,21,,,,,,,33,17,57,1499,12,10,14,0.04,6,32,3149:1,0.62,5,27,3703:1,0.64,87,470,213:1,-1.21,2803,-0.04,,,2791,,2521,36,0.71,,,36,,36,30,0.98,,,28,,36,9827,11880,83,80,86,1.00,1690,3486,48,40,57,0.87,299,7862,3.8,0.16,47,32,61,3.00,,,38,,3,86519,15657,5.5,1.22,1696,3141,54,44,64,2.95,13,6.9,0.81,101,110,88,131,0.47,,,,,,,,,,114,91,142,,,,,,,106,61,172,9.7,1.26,No,-0.77,14,11,17,12,9,15,1,0,2,1,0,1,0.21,77,74,80,-0.16,,,,,,,71,65,76,,,,76,64,89,6787,36,30,42,0.21
01089,Alabama,2024,Madison,,5542,8957,8609,9306,-0.29,5359,4222,6496,,,,,,,,,,11671,10879,12463,,,,,,,,,,8648,8217,9079,,14,12,17,-0.74,3.5,2.7,4.2,-0.68,5.1,4.2,6.0,-0.21,,10,10,11,0.86,8,7,9,,,,10,8,12,16,15,17,,,,10,8,13,8,7,8,14,11,17,-1.29,42,36,48,0.99,7.5,0.06,25,21,30,-0.31,78,-0.71,14,11,17,-1.10,72,223,32,29,36,0.33,2380,602.2,0.79,16,15,17,-0.60,36,31,41,,,,,,,22,21,24,,,,15,11,20,11,10,12,30223,9,8,10,-0.41,338,86,1169:1,-0.87,217,54,1860:1,-0.14,751,186,537:1,0.07,2629,-0.19,,1130,3434,2654,2486,49,-0.91,,43,47,38,49,42,-0.18,,45,30,31,44,246521,267305,92,92,93,-0.70,78368,103427,76,73,79,-1.46,4242,199231,2.1,-1.21,14,10,17,-0.66,10,3,27,25,7,158609,31860,5.0,0.53,21583,83620,26,23,28,0.17,405,10.2,0.21,1422,76,72,80,-0.71,46,34,62,,,,28,15,47,75,67,83,,,,,,,83,78,88,7.4,-0.11,No,-0.77,11,10,12,10,9,11,1,1,2,0,0,1,-0.35,80,79,81,0.29,64,53,74,74,66,83,83,81,85,75,70,81,83,81,84,191093,27,25,28,-0.49
01091,Alabama,2024,Marengo,,479,14937,12826,17048,1.44,,,,,,,,,,,,,17826,14693,20958,,,,,,,,,,11058,8215,13901,,24,21,28,1.35,4.5,3.6,5.5,0.90,5.5,4.4,6.7,0.44,,12,10,14,1.77,,,,,,,,,,15,13,18,,,,,,,8,6,10,21,17,25,0.42,47,39,55,2.15,6.2,1.16,37,31,42,1.89,48,0.63,12,9,15,-1.96,7,32,22,13,32,-0.37,125,658.0,1.00,26,21,31,0.25,,,,,,,,,,31,24,39,,,,,,,18,12,27,1643,11,9,13,-0.06,8,42,2375:1,0.33,5,27,3749:1,0.65,6,32,3124:1,0.76,3688,0.76,,,6064,,2247,39,0.33,,,36,,41,31,0.89,,,22,,37,11581,12997,89,86,92,-0.14,2390,4108,58,46,70,0.04,260,7611,3.4,-0.16,34,21,47,1.74,,89,50,56,,96703,15381,6.3,2.18,2141,4350,49,36,63,2.48,27,14.2,-0.50,99,104,85,127,0.28,,,,,,,,,,113,85,147,,,,,,,97,69,131,9.4,1.08,No,-0.77,11,8,14,10,7,14,0,0,1,1,0,3,-0.38,85,82,88,0.93,,,,,,,91,84,97,,,,80,73,87,7399,39,31,47,0.48
01093,Alabama,2024,Marion,,737,12317,10892,13741,0.68,,,,,,,,,,,,,,,,,,,,,,,,,,,,,21,18,25,0.71,4.6,3.7,5.7,1.07,6.1,4.9,7.5,1.48,,11,9,12,1.03,,,,,,,,,,21,12,30,,,,,,,10,9,11,22,18,27,0.71,39,31,48,0.40,7.0,0.48,33,27,40,1.26,31,1.35,15,11,18,-0.87,10,30,33,24,43,0.40,72,246.2,-0.53,38,33,43,1.30,,,,,,,,,,51,25,91,,,,,,,38,33,44,3049,13,12,15,0.37,7,24,4178:1,0.83,6,21,4859:1,0.83,8,27,3645:1,0.78,3984,1.02,,,634,,4014,38,0.46,,,38,,37,35,0.50,,,29,,35,16757,20785,81,78,83,1.37,3701,6444,57,49,66,0.11,344,13808,2.5,-0.91,23,15,31,0.42,91,,8,18,21,92104,19182,4.8,0.31,1078,6153,18,10,25,-0.65,26,8.9,0.45,124,84,69,98,-0.44,,,,,,,,,,,,,,,,,,,,,,8.6,0.61,Yes,1.30,11,8,14,7,5,10,2,1,3,2,0,3,-0.42,86,82,91,1.14,,,,,,,,,,,,,,,,11051,31,25,37,-0.17
01095,Alabama,2024,Marshall,,2052,12206,11425,12986,0.65,8810,7119,10781,,,,,,,,,,14488,9844,20564,,,,,,,,,,12679,11775,13583,,20,17,23,0.47,4.4,3.5,5.4,0.79,6.2,5.1,7.4,1.62,,8,7,9,-0.17,8,7,9,,,,,,,9,6,13,,,,13,6,21,8,7,8,20,16,24,0.12,35,28,42,-0.61,6.7,0.73,34,28,40,1.39,53,0.39,15,12,19,-0.71,18,86,21,16,27,-0.43,333,339.0,-0.19,44,41,47,1.81,89,81,98,,,,,,,44,28,66,,,,29,15,49,31,28,34,11803,15,13,16,0.60,54,55,1819:1,-0.02,36,36,2762:1,0.37,280,282,355:1,-0.36,2877,0.03,,,,,,35,0.83,,41,42,,36,44,-0.37,,80,43,18,44,54834,64995,84,83,86,0.70,12145,23426,52,48,56,0.59,933,45464,2.1,-1.27,22,16,27,0.28,41,12,35,41,18,113364,23889,4.7,0.24,6553,24698,27,22,31,0.24,89,9.1,0.42,429,89,80,97,-0.26,41,27,59,,,,,,,141,82,226,,,,,,,98,88,108,9.1,0.90,Yes,1.30,10,9,12,9,7,10,2,1,3,1,0,1,-0.55,84,82,85,0.78,,,,53,28,78,68,43,93,78,73,83,86,85,87,40866,34,31,37,0.09
01097,Alabama,2024,Mobile,,8586,12207,11822,12592,0.65,5717,4307,7441,,11425,7763,16218,,5904,4290,7926,,15265,14554,15976,,,,,,,,,,10838,10355,11321,,21,18,24,0.75,4.5,3.8,5.3,0.94,5.9,5.1,6.8,1.11,,12,12,12,1.81,8,7,10,13,9,17,9,7,11,17,16,17,,,,15,12,18,8,8,9,19,16,23,-0.05,41,36,46,0.70,6.9,0.57,35,31,40,1.56,59,0.15,15,13,18,-0.64,124,374,33,31,36,0.39,3035,734.7,1.28,28,27,30,0.46,30,24,36,27,18,39,8,4,12,38,36,40,,,,31,24,39,21,20,23,44598,13,12,15,0.37,294,71,1405:1,-0.47,223,54,1845:1,-0.16,511,124,805:1,0.35,3376,0.48,,,4237,2159,3102,38,0.46,,34,34,44,40,38,0.21,50,38,30,29,40,246658,279868,88,87,89,0.03,62242,107569,58,55,60,0.07,6239,192312,3.2,-0.30,27,22,32,0.92,6,35,40,20,12,114157,21847,5.2,0.84,34153,95977,36,33,38,1.14,459,11.1,0.06,1888,91,87,95,-0.17,40,26,59,82,46,135,47,29,72,92,85,99,,,,,,,98,92,103,8.3,0.43,No,-0.77,15,14,16,13,12,14,2,1,2,1,1,1,0.45,84,84,85,0.87,81,68,94,74,66,82,85,82,87,79,72,85,86,85,87,173909,37,35,38,0.28
01099,Alabama,2024,Monroe,,504,15284,13196,17371,1.54,,,,,,,,,,,,,20741,16976,24507,,,,,,,,,,11291,8936,13646,,25,22,28,1.59,4.7,3.7,5.7,1.20,6.2,5.0,7.4,1.56,,11,10,13,1.45,,,,,,,,,,13,10,15,,,,,,,11,8,13,23,19,28,1.03,44,36,53,1.49,6.3,1.07,38,32,44,2.18,43,0.85,13,10,16,-1.65,5,26,19,10,31,-0.54,130,661.6,1.01,33,28,38,0.86,,,,,,,,,,44,35,54,,,,,,,26,19,33,1871,12,11,14,0.17,9,46,2183:1,0.23,4,21,4851:1,0.83,23,119,844:1,0.37,2955,0.10,,,2586,,2998,34,0.95,,,32,,34,33,0.69,33,,26,,36,11472,13707,84,81,87,0.82,1842,4099,45,34,55,1.18,299,7300,4.1,0.40,32,20,44,1.48,,,39,,17,91026,16923,5.4,1.04,1648,4188,39,27,52,1.51,28,14.3,-0.50,102,99,80,118,0.09,,,,,,,,,,116,86,153,,,,,,,84,62,112,9.3,1.02,No,-0.77,13,9,16,13,9,17,0,0,1,0,0,1,-0.03,90,79,100,1.67,,,,,,,89,82,96,,,,87,83,91,6220,32,26,38,-0.12
01101,Alabama,2024,Montgomery,,4157,11999,11480,12518,0.59,8575,6344,11336,,,,,,,,,,14252,13537,14967,,,,,,,,,,8499,7739,9258,,22,18,25,0.84,4.1,3.3,4.9,0.23,5.7,4.8,6.8,0.84,,13,13,14,2.31,7,6,8,,,,11,8,13,16,16,17,,,,11,8,14,7,6,8,18,14,22,-0.36,38,33,44,0.18,6.7,0.73,35,30,40,1.55,76,-0.64,15,12,18,-0.89,55,173,32,28,36,0.30,2414,1061.4,2.49,33,32,35,0.89,114,100,128,,,,,,,38,35,40,,,,43,31,58,10,8,12,21666,12,11,14,0.14,220,97,1034:1,-1.17,180,80,1258:1,-0.89,467,206,485:1,-0.02,3612,0.69,,,4672,,2982,47,-0.66,,33,45,45,49,34,0.60,,35,28,22,38,133220,151442,88,87,89,0.06,38991,60646,64,61,68,-0.48,3297,107183,3.1,-0.44,27,20,34,0.92,73,12,38,43,4,115059,21515,5.3,1.00,24080,53510,45,41,49,2.07,319,14.0,-0.46,900,80,74,85,-0.58,53,33,81,,,,,,,88,81,95,,,,,,,77,68,85,9.0,0.84,No,-0.77,17,15,18,15,14,17,2,2,2,1,0,1,0.94,82,80,83,0.54,,,,79,73,84,85,83,87,77,68,86,87,86,89,98021,21,19,23,-0.97
01103,Alabama,2024,Morgan,,2497,11905,11186,12623,0.57,8583,6727,10791,,,,,,,,,,17885,15438,20331,,,,,,,,,,11446,10622,12269,,19,16,22,0.31,4.1,3.2,4.9,0.24,5.5,4.5,6.5,0.45,,9,9,10,0.38,8,7,9,,,,12,6,18,16,14,18,,,,11,7,15,8,7,8,19,15,23,-0.05,43,36,50,1.16,7.1,0.40,33,28,38,1.11,72,-0.43,14,12,18,-0.91,20,100,20,15,25,-0.49,588,475.5,0.32,32,29,34,0.74,67,58,76,,,,,,,39,32,45,,,,37,25,51,24,21,26,13817,14,12,15,0.45,63,51,1963:1,0.09,65,52,1911:1,-0.10,204,164,609:1,0.17,3209,0.33,,,4066,,3155,40,0.21,,48,38,27,40,43,-0.27,,36,33,23,44,72339,84874,85,84,87,0.55,17446,30093,58,54,62,0.06,1272,60820,2.1,-1.24,17,12,23,-0.27,,,34,29,10,124779,26195,4.8,0.26,7153,27960,26,22,30,0.15,138,11.2,0.05,558,93,85,101,-0.12,35,21,55,,,,,,,102,81,127,,,,,,,101,92,111,7.6,0.01,No,-0.77,11,10,13,9,8,11,2,1,3,1,0,1,-0.32,85,84,87,1.00,,,,,,,87,86,89,75,66,84,86,85,88,54268,35,32,38,0.15
01105,Alabama,2024,Perry,,253,17843,14458,21229,2.29,,,,,,,,,,,,,,,,,,,,,,,,,,,,,32,28,36,3.00,5.4,4.3,6.6,2.36,6.3,5.0,7.7,1.75,,15,12,17,2.97,,,,,,,,,,16,13,20,,,,,,,7,3,11,27,22,32,1.81,53,44,61,3.00,3.7,3.00,46,39,52,3.00,55,0.30,11,8,14,-2.36,5,8,63,47,74,2.35,66,789.9,1.49,22,17,29,-0.08,,,,,,,,,,,,,,,,,,,,,,735,13,10,15,0.20,3,36,2785:1,0.50,2,25,4018:1,0.70,5,62,1607:1,0.62,4687,1.65,,,5549,,3316,41,0.09,,,44,,36,27,1.28,,,24,,30,4229,5314,80,72,87,1.56,432,1511,29,17,40,2.58,162,3083,5.3,1.35,61,44,79,3.00,,,69,,8,57821,15829,3.7,-1.14,1049,1792,59,44,73,3.00,7,8.4,0.54,44,99,72,133,0.10,,,,,,,,,,97,65,139,,,,,,,115,64,189,9.4,1.08,No,-0.77,12,6,18,11,5,16,0,0,1,3,0,7,-0.14,84,76,93,0.88,,,,,,,,,,,,,,,,2156,34,21,48,0.10
01107,Alabama,2024,Pickens,,486,11735,9968,13503,0.52,,,,,,,,,,,,,15136,12177,18095,,,,,,,,,,10134,7671,12597,,24,21,27,1.41,4.6,3.7,5.5,1.03,5.8,4.7,7.0,0.92,,12,11,14,1.92,,,,,,,,,,15,13,18,,,,,,,10,8,13,22,18,26,0.71,45,37,53,1.65,7.1,0.40,37,32,43,1.98,10,2.28,13,10,16,-1.63,4,20,20,9,33,-0.49,98,521.2,0.49,32,26,38,0.77,,,,,,,,,,37,28,47,,,,,,,26,19,35,1594,12,10,14,0.09,7,37,2686:1,0.47,4,21,4674:1,0.80,9,48,2077:1,0.69,3912,0.96,,,5337,,3234,39,0.33,,,36,,41,44,-0.37,,,35,,47,11546,13592,85,83,87,0.60,2218,4718,47,39,55,1.00,250,7681,3.3,-0.29,30,19,41,1.29,,,53,,21,98913,18905,5.2,0.85,1689,3651,46,38,55,2.19,20,10.6,0.14,92,93,75,114,-0.10,,,,,,,,,,94,66,130,,,,,,,97,72,127,9.3,1.02,No,-0.77,11,8,14,9,7,12,1,0,2,1,0,2,-0.45,88,84,92,1.39,,,,,,,80,68,91,,,,81,75,88,6691,61,54,69,2.22
01109,Alabama,2024,Pike,,673,13154,11691,14616,0.93,,,,,,,,,,,,,17072,14347,19797,,,,,,,,,,11166,9413,12918,,21,18,25,0.75,4.3,3.5,5.3,0.66,5.9,4.8,7.1,1.07,,11,10,13,1.45,,,,,,,,,,16,14,18,,,,,,,8,6,9,20,16,24,0.15,42,34,50,0.90,6.8,0.65,34,29,40,1.39,61,0.03,14,11,17,-1.17,13,48,27,20,35,-0.02,297,900.2,1.89,15,13,17,-0.72,,,,,,,,,,22,17,26,,,,,,,10,8,13,3098,12,10,14,0.11,14,42,2357:1,0.32,10,30,3301:1,0.54,27,82,1223:1,0.54,3056,0.19,,,2795,,3021,44,-0.29,,,44,,44,33,0.69,,,27,,35,16881,19205,88,86,90,0.07,4313,7119,61,53,68,-0.16,441,16115,2.7,-0.71,37,28,45,2.06,,,53,45,11,104549,16593,6.3,2.20,2783,6193,45,38,52,2.06,31,9.4,0.36,122,74,61,87,-0.79,,,,,,,,,,74,54,99,,,,,,,75,58,95,9.2,0.96,No,-0.77,16,12,20,16,12,20,1,0,1,0,0,1,0.73,84,81,88,0.87,,,,,,,84,79,90,,,,87,83,90,13338,21,17,25,-0.95
01111,Alabama,2024,Randolph,,523,12461,10685,14236,0.73,,,,,,,,,,,,,15437,11368,19507,,,,,,,,,,12185,10082,14288,,21,18,24,0.67,4.3,3.5,5.3,0.67,5.9,4.8,7.1,1.11,,9,8,11,0.48,,,,,,,,,,17,13,21,,,,,,,8,6,9,20,16,24,0.30,40,33,48,0.59,6.4,0.99,35,29,40,1.49,41,0.92,13,11,17,-1.30,17,32,53,45,60,1.72,119,541.2,0.56,31,26,36,0.71,,,,,,,,,,26,17,37,,,,,,,33,27,39,2143,13,11,14,0.21,6,27,3665:1,0.74,2,9,11240:1,1.17,7,31,3211:1,0.76,2921,0.07,,,2106,,2833,30,1.45,,,28,,31,34,0.60,,,21,,35,12806,15614,82,79,85,1.12,2389,4869,49,42,57,0.82,238,9692,2.5,-0.94,28,18,38,0.97,,,33,36,20,104700,18579,5.6,1.36,1312,4627,28,20,36,0.42,21,9.6,0.33,115,102,83,120,0.19,,,,,,,,,,93,57,143,,,,,,,108,87,132,9.5,1.14,No,-0.77,12,9,16,9,6,12,2,1,4,2,1,3,-0.11,84,81,88,0.86,,,,,,,86,83,90,,,,83,79,87,8456,46,39,53,1.02
01113,Alabama,2024,Russell,,1297,13437,12371,14503,1.01,,,,,,,,,,,,,12766,11200,14333,,,,,,,,,,15577,13828,17327,,23,20,26,1.13,4.5,3.6,5.5,0.98,5.8,4.7,7.0,1.00,,11,10,12,1.17,7,5,9,,,,,,,14,13,16,,,,9,4,13,9,7,10,20,17,24,0.27,44,36,52,1.41,6.8,0.65,35,29,40,1.49,55,0.32,14,11,17,-1.12,12,79,15,10,21,-0.81,404,688.0,1.11,30,27,34,0.63,46,32,64,,,,,,,26,22,30,,,,53,32,83,33,27,38,5518,11,10,13,-0.03,10,17,5872:1,1.02,16,27,3660:1,0.63,32,55,1830:1,0.66,3205,0.32,,,3718,,3150,40,0.21,,32,39,29,40,35,0.50,,33,31,24,37,33964,39868,85,83,87,0.56,10229,16014,64,57,71,-0.44,617,23708,2.6,-0.82,31,21,40,1.31,,51,43,45,14,92310,17405,5.3,0.94,5604,14156,40,31,48,1.53,56,9.5,0.34,359,124,111,137,0.97,,,,,,,,,,92,76,109,,,,,,,172,150,195,9.5,1.14,No,-0.77,18,14,21,16,13,19,2,1,3,1,0,2,1.07,83,81,86,0.71,,,,,,,69,60,77,,,,86,81,92,23566,34,29,39,0.07
01115,Alabama,2024,St. Clair,,1871,10871,10115,11626,0.27,,,,,,,,,,,,,12005,9298,14713,,,,,,,,,,11021,10201,11840,,17,15,20,-0.10,3.9,3.1,4.8,-0.04,5.6,4.6,6.7,0.60,,9,9,10,0.42,7,4,10,,,,,,,18,15,21,,,,,,,8,8,9,18,15,22,-0.22,39,32,46,0.40,7.8,-0.20,30,25,36,0.68,49,0.56,15,12,18,-0.77,19,94,20,15,26,-0.48,264,284.6,-0.39,24,22,27,0.12,23,13,37,,,,,,,16,11,23,,,,44,25,71,26,23,28,7976,11,9,12,-0.17,17,18,5456:1,0.99,27,29,3479:1,0.59,23,24,4084:1,0.79,3045,0.18,,,6093,,2959,41,0.09,,31,40,,41,37,0.31,,35,34,,37,56320,64523,87,86,89,0.18,14090,23939,59,54,64,-0.01,928,42213,2.2,-1.15,17,13,21,-0.27,,,23,52,12,125685,33152,3.8,-0.97,4153,20438,20,16,24,-0.37,76,8.2,0.58,449,100,91,109,0.13,,,,,,,,,,62,41,91,,,,,,,107,97,118,10.0,1.44,No,-0.77,10,9,12,8,7,10,2,1,2,1,0,1,-0.60,85,83,87,0.96,,,,,,,76,75,77,,,,78,76,80,41302,55,51,60,1.75
01117,Alabama,2024,Shelby,,2621,6593,6201,6984,-0.97,4258,3117,5680,,,,,,,,,,8539,7298,9780,,,,,,,,,,6619,6167,7070,,13,11,15,-1.10,3.1,2.4,3.8,-1.28,4.9,4.0,5.8,-0.61,,8,8,9,0.03,8,7,9,,,,8,5,11,15,14,16,,,,12,8,17,7,7,8,13,10,16,-1.56,33,28,39,-0.90,8.2,-0.54,24,20,28,-0.58,74,-0.55,17,14,20,0.00,24,113,21,17,26,-0.41,597,263.1,-0.47,10,9,11,-1.12,37,31,42,,,,,,,10,8,13,,,,11,5,19,7,7,8,14787,8,7,9,-0.68,175,77,1297:1,-0.63,117,51,1967:1,-0.06,271,118,849:1,0.37,2801,-0.04,,,3909,,2718,44,-0.29,,58,44,18,44,41,-0.08,,63,34,28,41,144108,153645,94,93,94,-0.98,44217,57508,77,74,80,-1.56,2223,121349,1.8,-1.45,8,5,11,-1.38,,5,6,22,5,165089,41093,4.0,-0.68,8600,50999,17,15,19,-0.71,220,9.7,0.31,688,63,58,68,-1.17,36,23,54,,,,,,,48,38,61,,,,,,,70,64,75,10.6,1.79,No,-0.77,10,9,11,9,8,9,1,1,1,1,0,1,-0.75,79,77,81,0.14,,,,62,51,74,77,73,80,64,58,70,76,74,78,112772,51,49,53,1.42
01119,Alabama,2024,Sumter,,304,16260,13392,19129,1.83,,,,,,,,,,,,,,,,,,,,,,,,,,,,,28,24,31,2.16,4.9,3.9,5.9,1.47,6.0,4.8,7.3,1.32,,14,11,16,2.55,,,,,,,,,,16,13,19,,,,,,,6,3,10,23,19,28,0.95,48,39,56,2.22,6.1,1.24,41,35,46,2.63,33,1.26,11,9,14,-2.14,14,36,39,30,47,0.77,81,665.9,1.03,21,17,27,-0.15,,,,,,,,,,,,,,,,,,,,,,1067,12,10,14,0.10,7,58,1738:1,-0.09,2,17,5927:1,0.93,2,17,5927:1,0.83,3788,0.85,,,3695,,3491,44,-0.29,,,44,,44,28,1.18,,,23,,36,6531,7354,89,84,93,-0.09,1332,2353,57,45,69,0.18,162,4597,3.5,-0.07,43,27,58,2.76,,,62,,14,75720,15062,5.0,0.59,1359,2303,59,48,70,3.00,12,9.9,0.28,75,121,95,151,0.85,,,,,,,,,,140,108,180,,,,,,,84,45,143,9.4,1.08,No,-0.77,12,8,16,10,7,14,1,0,3,1,0,2,-0.25,82,78,87,0.58,,,,,,,82,76,89,,,,81,74,87,4136,44,34,54,0.86
01121,Alabama,2024,Talladega,,2058,14552,13570,15533,1.33,,,,,,,,,,,,,16460,14665,18255,,,,,,,,,,14226,12986,15465,,23,20,26,1.08,4.6,3.7,5.6,1.09,5.8,4.7,6.9,0.86,,12,11,13,1.62,9,4,13,,,,,,,16,15,18,,,,13,8,19,9,8,10,21,18,25,0.54,42,35,50,1.03,6.7,0.73,38,32,44,2.12,55,0.32,13,11,17,-1.30,26,118,22,17,27,-0.36,505,619.4,0.85,27,24,29,0.31,23,11,40,,,,,,,25,22,29,,,,58,37,87,27,24,30,7189,11,10,13,0.00,21,26,3882:1,0.78,29,36,2783:1,0.38,27,33,2989:1,0.75,3432,0.53,,,3783,,3410,36,0.71,,,39,,35,33,0.69,,,24,,35,47769,57406,83,82,85,0.91,10402,20117,52,47,57,0.60,1123,36362,3.1,-0.43,26,18,34,0.78,,,41,49,17,106431,19136,5.6,1.27,5984,16468,36,31,41,1.21,96,11.8,-0.06,427,106,96,116,0.36,,,,,,,,,,98,81,115,,,,,,,118,104,131,10.0,1.44,No,-0.77,14,12,16,11,9,13,1,1,2,2,1,3,0.25,84,81,86,0.80,,,,,,,82,77,87,,,,86,83,89,31194,35,31,38,0.14
01123,Alabama,2024,Tallapoosa,,981,12140,10841,13438,0.63,,,,,,,,,,,,,13762,11346,16179,,,,,,,,,,12026,10380,13671,,21,18,24,0.71,4.4,3.6,5.4,0.81,5.7,4.6,6.9,0.85,,13,12,15,2.37,,,,,,,,,,23,21,26,,,,,,,8,6,9,21,17,25,0.34,41,34,49,0.84,7.4,0.14,33,28,39,1.26,60,0.09,14,11,17,-1.27,9,35,26,17,35,-0.11,212,516.8,0.47,31,27,35,0.66,,,,,,,,,,43,34,51,,,,,,,25,20,29,4080,13,11,15,0.31,19,46,2159:1,0.22,13,32,3152:1,0.50,14,34,2927:1,0.75,1987,-0.77,,,2050,,1915,40,0.21,,,34,,41,41,-0.08,,,31,,43,24201,29557,82,80,84,1.15,4321,8858,49,42,56,0.85,502,17593,2.9,-0.62,26,17,35,0.79,,,54,58,10,103250,18913,5.5,1.14,3357,8379,40,32,48,1.58,54,13.2,-0.31,195,96,83,110,0.00,,,,,,,,,,74,53,101,,,,,,,108,91,126,9.7,1.26,Yes,1.30,13,10,15,9,7,11,3,2,4,2,1,3,0.01,84,81,87,0.80,,,,,,,83,71,95,,,,82,78,86,15388,38,33,43,0.39
01125,Alabama,2024,Tuscaloosa,,3402,10111,9619,10603,0.05,9384,7161,12079,,,,,,,,,,13219,12262,14175,,,,,,,,,,8528,7942,9113,,19,16,21,0.16,4.3,3.5,5.1,0.57,6.0,5.1,6.9,1.29,,11,11,12,1.50,7,6,9,,,,10,7,14,17,16,18,,,,11,7,15,8,7,8,17,14,21,-0.41,42,36,47,0.92,7.5,0.06,32,28,37,1.05,68,-0.25,16,13,20,-0.13,59,180,33,29,37,0.36,1768,778.8,1.44,17,16,18,-0.51,80,69,92,,,,,,,28,26,31,,,,22,14,34,8,7,9,18030,10,9,11,-0.30,143,63,1587:1,-0.24,106,45,2234:1,0.12,386,163,613:1,0.17,4030,1.06,,,5334,5051,3673,43,-0.16,,43,38,46,45,43,-0.27,,39,31,21,47,128672,141959,91,90,91,-0.42,38822,60157,65,61,68,-0.50,2616,103432,2.5,-0.88,20,15,26,0.11,,16,37,27,8,126127,22938,5.5,1.19,14792,46704,32,28,35,0.75,218,9.6,0.33,733,69,64,74,-0.95,52,33,79,,,,,,,62,54,70,,,,,,,76,69,83,7.9,0.19,Yes,1.30,15,14,17,14,13,15,2,1,2,1,0,1,0.60,82,80,84,0.53,,,,51,37,64,83,81,85,64,56,71,84,82,86,107697,28,26,30,-0.41
01127,Alabama,2024,Walker,,2008,17481,16304,18658,2.18,,,,,,,,,,,,,19927,15200,24654,,,,,,,,,,17785,16514,19056,,21,18,24,0.67,4.5,3.6,5.5,1.00,6.2,5.1,7.4,1.65,,11,10,12,1.28,8,6,11,,,,,,,19,15,23,,,,,,,11,10,12,21,17,26,0.56,38,31,45,0.13,6.8,0.65,35,29,41,1.53,40,0.96,14,11,17,-1.13,21,106,20,15,25,-0.50,233,359.5,-0.11,38,35,42,1.33,117,87,154,,,,,,,30,20,42,,,,,,,37,33,41,6410,12,11,14,0.18,30,46,2161:1,0.22,30,47,2145:1,0.07,75,117,858:1,0.38,4225,1.24,,,2072,,4281,39,0.33,,,47,,39,37,0.31,,,33,,37,37432,45281,83,81,84,1.01,8371,15189,55,49,61,0.31,704,25568,2.8,-0.70,21,14,28,0.22,,,44,48,18,108269,20734,5.2,0.84,4063,14368,28,24,33,0.41,90,13.9,-0.44,384,120,108,132,0.84,,,,,,,,,,78,43,128,,,,,,,128,115,141,9.7,1.26,No,-0.77,12,10,14,10,8,12,2,1,3,1,0,1,-0.21,84,82,86,0.81,,,,,,,73,60,87,,,,84,81,88,25402,44,40,48,0.84
01129,Alabama,2024,Washington,,330,11207,9233,13181,0.36,,,,,,,,,,,,,11273,7550,16190,,,,,,,,,,10012,7806,12218,,23,20,26,1.15,4.8,3.9,5.8,1.36,5.8,4.8,7.1,1.01,,11,10,13,1.41,,,,16,9,24,,,,16,12,21,,,,,,,10,8,12,23,19,27,0.91,42,34,50,0.95,7.5,0.06,35,30,41,1.64,10,2.26,13,10,16,-1.41,5,17,29,16,43,0.14,68,448.9,0.22,28,23,35,0.45,,,,33,17,56,,,,31,21,46,,,,,,,27,20,35,1385,12,10,13,0.06,1,7,15147:1,1.31,2,13,7561:1,1.04,5,33,3024:1,0.76,2280,-0.51,,,2668,,1997,36,0.71,,,36,,35,23,1.66,,,21,,23,9268,10500,88,85,92,0.01,1453,2991,49,40,58,0.87,239,6565,3.6,0.03,26,16,36,0.73,19,,49,32,14,131462,14892,8.8,3.00,838,3180,26,17,36,0.22,27,17.8,-1.14,79,98,78,123,0.07,,,,179,89,320,,,,70,37,119,,,,,,,105,79,137,9.3,1.02,Yes,1.30,8,5,11,5,3,8,2,1,3,1,0,2,-1.21,87,81,92,1.16,,,,,,,84,68,100,,,,88,83,93,5516,55,45,65,1.73
01131,Alabama,2024,Wilcox,,286,19390,16140,22640,2.73,,,,,,,,,,,,,,,,,,,,,,,,,,,,,30,26,34,2.65,5.2,4.2,6.3,2.01,6.3,5.0,7.6,1.71,,14,12,16,2.64,,,,,,,,,,16,13,18,,,,,,,8,4,11,25,21,30,1.54,49,40,58,2.44,4.5,2.60,44,38,51,3.00,2,2.65,11,8,14,-2.39,6,19,32,19,44,0.28,83,794.6,1.50,41,33,49,1.53,,,,,,,,,,45,36,55,,,,,,,27,14,46,931,12,10,14,0.05,1,10,10446:1,1.23,1,10,10059:1,1.14,1,10,10059:1,0.86,3111,0.24,,,3341,,2453,36,0.71,,,40,,30,25,1.47,,,19,,31,5493,7069,78,73,83,1.89,967,2278,42,,,1.39,197,2528,7.8,3.00,46,28,63,3.00,,,61,,2,84267,13872,6.1,1.92,1587,2388,66,49,84,3.00,7,6.7,0.84,70,134,104,169,1.31,,,,,,,,,,152,115,198,,,,,,,99,54,167,9.3,1.02,Yes,1.30,13,9,16,10,6,14,1,0,3,2,0,3,-0.05,85,79,92,0.98,,,,,,,84,72,96,,,,90,82,98,3174,45,31,58,0.90
01133,Alabama,2024,Winston,,545,11957,10238,13675,0.58,,,,,,,,,,,,,,,,,,,,,,,,,,,,,21,18,25,0.80,4.6,3.6,5.7,1.11,6.2,4.9,7.5,1.52,,10,9,12,0.89,,,,,,,,,,,,,,,,,,,,,,23,18,27,0.86,39,31,48,0.37,6.9,0.57,35,28,41,1.51,76,-0.61,14,11,18,-1.08,6,28,21,12,32,-0.40,40,169.1,-0.82,39,33,44,1.33,,,,,,,,,,,,,,,,,,,,,,2529,14,12,16,0.43,9,38,2628:1,0.44,4,17,5939:1,0.94,5,21,4751:1,0.81,6652,3.41,,,,,,34,0.95,,,,,,33,0.69,,,,,,13605,16998,80,77,83,1.48,2286,5047,45,38,52,1.15,251,10271,2.4,-0.95,25,18,33,0.68,,,,15,25,98421,21986,4.5,-0.10,1126,4785,24,16,31,-0.06,21,8.9,0.45,117,99,81,117,0.10,,,,,,,,,,,,,,,,,,,,,,8.8,0.73,Yes,1.30,10,7,13,8,6,11,1,0,2,1,0,2,-0.55,74,68,79,-0.57,,,,,,,,,,,,,,,,9707,46,40,52,0.99